FIPS,ID
10001,Kent_Delaware_UnitedStates
10003,NewCastle_Delaware_UnitedStates
10005,Sussex_Delaware_UnitedStates
12001,Alachua_Florida_UnitedStates
12003,Baker_Florida_UnitedStates
12005,Bay_Florida_UnitedStates
12007,Bradford_Florida_UnitedStates
12009,Brevard_Florida_UnitedStates
12011,Broward_Florida_UnitedStates
12013,Calhoun_Florida_UnitedStates
12015,Charlotte_Florida_UnitedStates
12017,Citrus_Florida_UnitedStates
12019,Clay_Florida_UnitedStates
12021,Collier_Florida_UnitedStates
12023,Columbia_Florida_UnitedStates
12027,DeSoto_Florida_UnitedStates
12031,Duval_Florida_UnitedStates
12033,Escambia_Florida_UnitedStates
12035,Flagler_Florida_UnitedStates
12037,Franklin_Florida_UnitedStates
12039,Gadsden_Florida_UnitedStates
12045,Gulf_Florida_UnitedStates
12049,Hardee_Florida_UnitedStates
12051,Hendry_Florida_UnitedStates
12053,Hernando_Florida_UnitedStates
12055,Highlands_Florida_UnitedStates
12057,Hillsborough_Florida_UnitedStates
12059,Holmes_Florida_UnitedStates
12061,IndianRiver_Florida_UnitedStates
12063,Jackson_Florida_UnitedStates
12069,Lake_Florida_UnitedStates
12071,Lee_Florida_UnitedStates
12073,Leon_Florida_UnitedStates
12079,Madison_Florida_UnitedStates
12081,Manatee_Florida_UnitedStates
12083,Marion_Florida_UnitedStates
12085,Martin_Florida_UnitedStates
12086,Miami-Dade_Florida_UnitedStates
12087,Monroe_Florida_UnitedStates
12089,Nassau_Florida_UnitedStates
12091,Okaloosa_Florida_UnitedStates
12093,Okeechobee_Florida_UnitedStates
12095,Orange_Florida_UnitedStates
12097,Osceola_Florida_UnitedStates
12099,PalmBeach_Florida_UnitedStates
12101,Pasco_Florida_UnitedStates
12103,Pinellas_Florida_UnitedStates
12105,Polk_Florida_UnitedStates
12107,Putnam_Florida_UnitedStates
12113,SantaRosa_Florida_UnitedStates
12115,Sarasota_Florida_UnitedStates
12117,Seminole_Florida_UnitedStates
12119,Sumter_Florida_UnitedStates
12121,Suwannee_Florida_UnitedStates
12123,Taylor_Florida_UnitedStates
12125,Union_Florida_UnitedStates
12127,Volusia_Florida_UnitedStates
12131,Walton_Florida_UnitedStates
12133,Washington_Florida_UnitedStates
13001,Appling_Georgia_UnitedStates
13005,Bacon_Georgia_UnitedStates
13009,Baldwin_Georgia_UnitedStates
13013,Barrow_Georgia_UnitedStates
13015,Bartow_Georgia_UnitedStates
13017,BenHill_Georgia_UnitedStates
13019,Berrien_Georgia_UnitedStates
13021,Bibb_Georgia_UnitedStates
13023,Bleckley_Georgia_UnitedStates
13027,Brooks_Georgia_UnitedStates
13031,Bulloch_Georgia_UnitedStates
13033,Burke_Georgia_UnitedStates
13035,Butts_Georgia_UnitedStates
13039,Camden_Georgia_UnitedStates
13043,Candler_Georgia_UnitedStates
13045,Carroll_Georgia_UnitedStates
13047,Catoosa_Georgia_UnitedStates
13051,Chatham_Georgia_UnitedStates
13053,Chattahoochee_Georgia_UnitedStates
13057,Cherokee_Georgia_UnitedStates
13059,Clarke_Georgia_UnitedStates
13063,Clayton_Georgia_UnitedStates
13065,Clinch_Georgia_UnitedStates
13067,Cobb_Georgia_UnitedStates
13069,Coffee_Georgia_UnitedStates
13071,Colquitt_Georgia_UnitedStates
13075,Cook_Georgia_UnitedStates
13077,Coweta_Georgia_UnitedStates
13081,Crisp_Georgia_UnitedStates
13083,Dade_Georgia_UnitedStates
13087,Decatur_Georgia_UnitedStates
13089,DeKalb_Georgia_UnitedStates
13091,Dodge_Georgia_UnitedStates
13095,Dougherty_Georgia_UnitedStates
13097,Douglas_Georgia_UnitedStates
13099,Early_Georgia_UnitedStates
13103,Effingham_Georgia_UnitedStates
13105,Elbert_Georgia_UnitedStates
13107,Emanuel_Georgia_UnitedStates
13109,Evans_Georgia_UnitedStates
13111,Fannin_Georgia_UnitedStates
13113,Fayette_Georgia_UnitedStates
13115,Floyd_Georgia_UnitedStates
13117,Forsyth_Georgia_UnitedStates
13119,Franklin_Georgia_UnitedStates
13121,Fulton_Georgia_UnitedStates
13127,Glynn_Georgia_UnitedStates
13129,Gordon_Georgia_UnitedStates
13131,Grady_Georgia_UnitedStates
13133,Greene_Georgia_UnitedStates
13135,Gwinnett_Georgia_UnitedStates
13137,Habersham_Georgia_UnitedStates
13139,Hall_Georgia_UnitedStates
13143,Haralson_Georgia_UnitedStates
13151,Henry_Georgia_UnitedStates
13153,Houston_Georgia_UnitedStates
13155,Irwin_Georgia_UnitedStates
13157,Jackson_Georgia_UnitedStates
13159,Jasper_Georgia_UnitedStates
13161,JeffDavis_Georgia_UnitedStates
13163,Jefferson_Georgia_UnitedStates
13165,Jenkins_Georgia_UnitedStates
13173,Lanier_Georgia_UnitedStates
13175,Laurens_Georgia_UnitedStates
13179,Liberty_Georgia_UnitedStates
13185,Lowndes_Georgia_UnitedStates
13189,McDuffie_Georgia_UnitedStates
13193,Macon_Georgia_UnitedStates
13199,Meriwether_Georgia_UnitedStates
13201,Miller_Georgia_UnitedStates
13205,Mitchell_Georgia_UnitedStates
13207,Monroe_Georgia_UnitedStates
13211,Morgan_Georgia_UnitedStates
13213,Murray_Georgia_UnitedStates
13215,Muscogee_Georgia_UnitedStates
13217,Newton_Georgia_UnitedStates
13223,Paulding_Georgia_UnitedStates
13225,Peach_Georgia_UnitedStates
13227,Pickens_Georgia_UnitedStates
13233,Polk_Georgia_UnitedStates
13235,Pulaski_Georgia_UnitedStates
13241,Rabun_Georgia_UnitedStates
13243,Randolph_Georgia_UnitedStates
13245,Richmond_Georgia_UnitedStates
13247,Rockdale_Georgia_UnitedStates
13251,Screven_Georgia_UnitedStates
13253,Seminole_Georgia_UnitedStates
13255,Spalding_Georgia_UnitedStates
13257,Stephens_Georgia_UnitedStates
13261,Sumter_Georgia_UnitedStates
13267,Tattnall_Georgia_UnitedStates
13275,Thomas_Georgia_UnitedStates
13277,Tift_Georgia_UnitedStates
13279,Toombs_Georgia_UnitedStates
13281,Towns_Georgia_UnitedStates
13285,Troup_Georgia_UnitedStates
13291,Union_Georgia_UnitedStates
13293,Upson_Georgia_UnitedStates
13297,Walton_Georgia_UnitedStates
13299,Ware_Georgia_UnitedStates
13303,Washington_Georgia_UnitedStates
13305,Wayne_Georgia_UnitedStates
13313,Whitfield_Georgia_UnitedStates
13317,Wilkes_Georgia_UnitedStates
13321,Worth_Georgia_UnitedStates
15001,Hawaii_Hawaii_UnitedStates
15003,Honolulu_Hawaii_UnitedStates
15007,Kauai_Hawaii_UnitedStates
15009,Maui_Hawaii_UnitedStates
16001,Ada_Idaho_UnitedStates
16005,Bannock_Idaho_UnitedStates
16009,Benewah_Idaho_UnitedStates
16011,Bingham_Idaho_UnitedStates
16013,Blaine_Idaho_UnitedStates
16017,Bonner_Idaho_UnitedStates
16019,Bonneville_Idaho_UnitedStates
16021,Boundary_Idaho_UnitedStates
16027,Canyon_Idaho_UnitedStates
16029,Caribou_Idaho_UnitedStates
16031,Cassia_Idaho_UnitedStates
16039,Elmore_Idaho_UnitedStates
16045,Gem_Idaho_UnitedStates
16047,Gooding_Idaho_UnitedStates
16049,Idaho_Idaho_UnitedStates
16053,Jerome_Idaho_UnitedStates
16055,Kootenai_Idaho_UnitedStates
16057,Latah_Idaho_UnitedStates
16059,Lemhi_Idaho_UnitedStates
16065,Madison_Idaho_UnitedStates
16067,Minidoka_Idaho_UnitedStates
16069,NezPerce_Idaho_UnitedStates
16077,Power_Idaho_UnitedStates
16081,Teton_Idaho_UnitedStates
16083,TwinFalls_Idaho_UnitedStates
16085,Valley_Idaho_UnitedStates
16087,Washington_Idaho_UnitedStates
17001,Adams_Illinois_UnitedStates
17005,Bond_Illinois_UnitedStates
17011,Bureau_Illinois_UnitedStates
17019,Champaign_Illinois_UnitedStates
17021,Christian_Illinois_UnitedStates
17025,Clay_Illinois_UnitedStates
17027,Clinton_Illinois_UnitedStates
17029,Coles_Illinois_UnitedStates
17031,Cook_Illinois_UnitedStates
17033,Crawford_Illinois_UnitedStates
17037,DeKalb_Illinois_UnitedStates
17039,DeWitt_Illinois_UnitedStates
17043,DuPage_Illinois_UnitedStates
17049,Effingham_Illinois_UnitedStates
17051,Fayette_Illinois_UnitedStates
17053,Ford_Illinois_UnitedStates
17055,Franklin_Illinois_UnitedStates
17057,Fulton_Illinois_UnitedStates
17061,Greene_Illinois_UnitedStates
17063,Grundy_Illinois_UnitedStates
17065,Hamilton_Illinois_UnitedStates
17067,Hancock_Illinois_UnitedStates
17069,Hardin_Illinois_UnitedStates
17073,Henry_Illinois_UnitedStates
17075,Iroquois_Illinois_UnitedStates
17077,Jackson_Illinois_UnitedStates
17081,Jefferson_Illinois_UnitedStates
17083,Jersey_Illinois_UnitedStates
17085,JoDaviess_Illinois_UnitedStates
17089,Kane_Illinois_UnitedStates
17091,Kankakee_Illinois_UnitedStates
17095,Knox_Illinois_UnitedStates
17097,Lake_Illinois_UnitedStates
17099,LaSalle_Illinois_UnitedStates
17101,Lawrence_Illinois_UnitedStates
17103,Lee_Illinois_UnitedStates
17105,Livingston_Illinois_UnitedStates
17107,Logan_Illinois_UnitedStates
17109,McDonough_Illinois_UnitedStates
17111,McHenry_Illinois_UnitedStates
17113,McLean_Illinois_UnitedStates
17115,Macon_Illinois_UnitedStates
17117,Macoupin_Illinois_UnitedStates
17119,Madison_Illinois_UnitedStates
17121,Marion_Illinois_UnitedStates
17125,Mason_Illinois_UnitedStates
17127,Massac_Illinois_UnitedStates
17131,Mercer_Illinois_UnitedStates
17135,Montgomery_Illinois_UnitedStates
17137,Morgan_Illinois_UnitedStates
17141,Ogle_Illinois_UnitedStates
17143,Peoria_Illinois_UnitedStates
17145,Perry_Illinois_UnitedStates
17147,Piatt_Illinois_UnitedStates
17149,Pike_Illinois_UnitedStates
17157,Randolph_Illinois_UnitedStates
17159,Richland_Illinois_UnitedStates
17161,RockIsland_Illinois_UnitedStates
17165,Saline_Illinois_UnitedStates
17167,Sangamon_Illinois_UnitedStates
17169,Schuyler_Illinois_UnitedStates
17173,Shelby_Illinois_UnitedStates
17177,Stephenson_Illinois_UnitedStates
17179,Tazewell_Illinois_UnitedStates
17181,Union_Illinois_UnitedStates
17183,Vermilion_Illinois_UnitedStates
17185,Wabash_Illinois_UnitedStates
17187,Warren_Illinois_UnitedStates
17189,Washington_Illinois_UnitedStates
17191,Wayne_Illinois_UnitedStates
17195,Whiteside_Illinois_UnitedStates
17197,Will_Illinois_UnitedStates
17199,Williamson_Illinois_UnitedStates
17201,Winnebago_Illinois_UnitedStates
17203,Woodford_Illinois_UnitedStates
18001,Adams_Indiana_UnitedStates
18003,Allen_Indiana_UnitedStates
18005,Bartholomew_Indiana_UnitedStates
18009,Blackford_Indiana_UnitedStates
18011,Boone_Indiana_UnitedStates
18017,Cass_Indiana_UnitedStates
18019,Clark_Indiana_UnitedStates
18021,Clay_Indiana_UnitedStates
18023,Clinton_Indiana_UnitedStates
18027,Daviess_Indiana_UnitedStates
18029,Dearborn_Indiana_UnitedStates
18031,Decatur_Indiana_UnitedStates
18033,DeKalb_Indiana_UnitedStates
18035,Delaware_Indiana_UnitedStates
18037,Dubois_Indiana_UnitedStates
18039,Elkhart_Indiana_UnitedStates
18043,Floyd_Indiana_UnitedStates
18049,Fulton_Indiana_UnitedStates
18051,Gibson_Indiana_UnitedStates
18053,Grant_Indiana_UnitedStates
18055,Greene_Indiana_UnitedStates
18057,Hamilton_Indiana_UnitedStates
18059,Hancock_Indiana_UnitedStates
18061,Harrison_Indiana_UnitedStates
18063,Hendricks_Indiana_UnitedStates
18065,Henry_Indiana_UnitedStates
18067,Howard_Indiana_UnitedStates
18069,Huntington_Indiana_UnitedStates
18071,Jackson_Indiana_UnitedStates
18073,Jasper_Indiana_UnitedStates
18075,Jay_Indiana_UnitedStates
18077,Jefferson_Indiana_UnitedStates
18079,Jennings_Indiana_UnitedStates
18081,Johnson_Indiana_UnitedStates
18083,Knox_Indiana_UnitedStates
18085,Kosciusko_Indiana_UnitedStates
18087,LaGrange_Indiana_UnitedStates
18089,Lake_Indiana_UnitedStates
18091,LaPorte_Indiana_UnitedStates
18093,Lawrence_Indiana_UnitedStates
18095,Madison_Indiana_UnitedStates
18097,Marion_Indiana_UnitedStates
18099,Marshall_Indiana_UnitedStates
18103,Miami_Indiana_UnitedStates
18105,Monroe_Indiana_UnitedStates
18107,Montgomery_Indiana_UnitedStates
18109,Morgan_Indiana_UnitedStates
18113,Noble_Indiana_UnitedStates
18117,Orange_Indiana_UnitedStates
18123,Perry_Indiana_UnitedStates
18127,Porter_Indiana_UnitedStates
18131,Pulaski_Indiana_UnitedStates
18133,Putnam_Indiana_UnitedStates
18135,Randolph_Indiana_UnitedStates
18137,Ripley_Indiana_UnitedStates
18139,Rush_Indiana_UnitedStates
18143,Scott_Indiana_UnitedStates
18145,Shelby_Indiana_UnitedStates
18149,Starke_Indiana_UnitedStates
18151,Steuben_Indiana_UnitedStates
18153,Sullivan_Indiana_UnitedStates
18157,Tippecanoe_Indiana_UnitedStates
18159,Tipton_Indiana_UnitedStates
18163,Vanderburgh_Indiana_UnitedStates
18165,Vermillion_Indiana_UnitedStates
18167,Vigo_Indiana_UnitedStates
18169,Wabash_Indiana_UnitedStates
18171,Warren_Indiana_UnitedStates
18173,Warrick_Indiana_UnitedStates
18175,Washington_Indiana_UnitedStates
18177,Wayne_Indiana_UnitedStates
18179,Wells_Indiana_UnitedStates
18181,White_Indiana_UnitedStates
18183,Whitley_Indiana_UnitedStates
19001,Adair_Iowa_UnitedStates
19005,Allamakee_Iowa_UnitedStates
19007,Appanoose_Iowa_UnitedStates
19009,Audubon_Iowa_UnitedStates
19011,Benton_Iowa_UnitedStates
19013,BlackHawk_Iowa_UnitedStates
19015,Boone_Iowa_UnitedStates
19017,Bremer_Iowa_UnitedStates
19019,Buchanan_Iowa_UnitedStates
19021,BuenaVista_Iowa_UnitedStates
19025,Calhoun_Iowa_UnitedStates
19027,Carroll_Iowa_UnitedStates
19029,Cass_Iowa_UnitedStates
19033,CerroGordo_Iowa_UnitedStates
19035,Cherokee_Iowa_UnitedStates
19037,Chickasaw_Iowa_UnitedStates
19039,Clarke_Iowa_UnitedStates
19041,Clay_Iowa_UnitedStates
19043,Clayton_Iowa_UnitedStates
19045,Clinton_Iowa_UnitedStates
19047,Crawford_Iowa_UnitedStates
19049,Dallas_Iowa_UnitedStates
19051,Davis_Iowa_UnitedStates
19053,Decatur_Iowa_UnitedStates
19055,Delaware_Iowa_UnitedStates
19057,DesMoines_Iowa_UnitedStates
19059,Dickinson_Iowa_UnitedStates
19061,Dubuque_Iowa_UnitedStates
19063,Emmet_Iowa_UnitedStates
19065,Fayette_Iowa_UnitedStates
19067,Floyd_Iowa_UnitedStates
19069,Franklin_Iowa_UnitedStates
19071,Fremont_Iowa_UnitedStates
19073,Greene_Iowa_UnitedStates
19075,Grundy_Iowa_UnitedStates
19077,Guthrie_Iowa_UnitedStates
19079,Hamilton_Iowa_UnitedStates
19081,Hancock_Iowa_UnitedStates
19083,Hardin_Iowa_UnitedStates
19085,Harrison_Iowa_UnitedStates
19087,Henry_Iowa_UnitedStates
19089,Howard_Iowa_UnitedStates
19091,Humboldt_Iowa_UnitedStates
19095,Iowa_Iowa_UnitedStates
19097,Jackson_Iowa_UnitedStates
19099,Jasper_Iowa_UnitedStates
19101,Jefferson_Iowa_UnitedStates
19103,Johnson_Iowa_UnitedStates
19105,Jones_Iowa_UnitedStates
19107,Keokuk_Iowa_UnitedStates
19109,Kossuth_Iowa_UnitedStates
19111,Lee_Iowa_UnitedStates
19113,Linn_Iowa_UnitedStates
19119,Lyon_Iowa_UnitedStates
19121,Madison_Iowa_UnitedStates
19123,Mahaska_Iowa_UnitedStates
19125,Marion_Iowa_UnitedStates
19127,Marshall_Iowa_UnitedStates
19131,Mitchell_Iowa_UnitedStates
19133,Monona_Iowa_UnitedStates
19135,Monroe_Iowa_UnitedStates
19137,Montgomery_Iowa_UnitedStates
19139,Muscatine_Iowa_UnitedStates
19143,Osceola_Iowa_UnitedStates
19145,Page_Iowa_UnitedStates
19147,PaloAlto_Iowa_UnitedStates
19149,Plymouth_Iowa_UnitedStates
19151,Pocahontas_Iowa_UnitedStates
19153,Polk_Iowa_UnitedStates
19155,Pottawattamie_Iowa_UnitedStates
19157,Poweshiek_Iowa_UnitedStates
19161,Sac_Iowa_UnitedStates
19163,Scott_Iowa_UnitedStates
19165,Shelby_Iowa_UnitedStates
19167,Sioux_Iowa_UnitedStates
19169,Story_Iowa_UnitedStates
19175,Union_Iowa_UnitedStates
19177,VanBuren_Iowa_UnitedStates
19179,Wapello_Iowa_UnitedStates
19183,Washington_Iowa_UnitedStates
19185,Wayne_Iowa_UnitedStates
19187,Webster_Iowa_UnitedStates
19191,Winneshiek_Iowa_UnitedStates
19193,Woodbury_Iowa_UnitedStates
19197,Wright_Iowa_UnitedStates
20003,Anderson_Kansas_UnitedStates
20005,Atchison_Kansas_UnitedStates
20007,Barber_Kansas_UnitedStates
20009,Barton_Kansas_UnitedStates
20013,Brown_Kansas_UnitedStates
20015,Butler_Kansas_UnitedStates
20019,Chautauqua_Kansas_UnitedStates
20021,Cherokee_Kansas_UnitedStates
20023,Cheyenne_Kansas_UnitedStates
20025,Clark_Kansas_UnitedStates
20027,Clay_Kansas_UnitedStates
20029,Cloud_Kansas_UnitedStates
20031,Coffey_Kansas_UnitedStates
20035,Cowley_Kansas_UnitedStates
20037,Crawford_Kansas_UnitedStates
20041,Dickinson_Kansas_UnitedStates
20045,Douglas_Kansas_UnitedStates
20047,Edwards_Kansas_UnitedStates
20051,Ellis_Kansas_UnitedStates
20053,Ellsworth_Kansas_UnitedStates
20055,Finney_Kansas_UnitedStates
20057,Ford_Kansas_UnitedStates
20059,Franklin_Kansas_UnitedStates
20061,Geary_Kansas_UnitedStates
20063,Gove_Kansas_UnitedStates
20067,Grant_Kansas_UnitedStates
20073,Greenwood_Kansas_UnitedStates
20075,Hamilton_Kansas_UnitedStates
20077,Harper_Kansas_UnitedStates
20079,Harvey_Kansas_UnitedStates
20081,Haskell_Kansas_UnitedStates
20085,Jackson_Kansas_UnitedStates
20087,Jefferson_Kansas_UnitedStates
20089,Jewell_Kansas_UnitedStates
20091,Johnson_Kansas_UnitedStates
20093,Kearny_Kansas_UnitedStates
20097,Kiowa_Kansas_UnitedStates
20099,Labette_Kansas_UnitedStates
20103,Leavenworth_Kansas_UnitedStates
20111,Lyon_Kansas_UnitedStates
20113,McPherson_Kansas_UnitedStates
20115,Marion_Kansas_UnitedStates
20119,Meade_Kansas_UnitedStates
20121,Miami_Kansas_UnitedStates
20123,Mitchell_Kansas_UnitedStates
20125,Montgomery_Kansas_UnitedStates
20127,Morris_Kansas_UnitedStates
20129,Morton_Kansas_UnitedStates
20131,Nemaha_Kansas_UnitedStates
20133,Neosho_Kansas_UnitedStates
20137,Norton_Kansas_UnitedStates
20141,Osborne_Kansas_UnitedStates
20143,Ottawa_Kansas_UnitedStates
20147,Phillips_Kansas_UnitedStates
20149,Pottawatomie_Kansas_UnitedStates
20151,Pratt_Kansas_UnitedStates
20155,Reno_Kansas_UnitedStates
20157,Republic_Kansas_UnitedStates
20159,Rice_Kansas_UnitedStates
20161,Riley_Kansas_UnitedStates
20163,Rooks_Kansas_UnitedStates
20169,Saline_Kansas_UnitedStates
20171,Scott_Kansas_UnitedStates
20173,Sedgwick_Kansas_UnitedStates
20175,Seward_Kansas_UnitedStates
20177,Shawnee_Kansas_UnitedStates
20179,Sheridan_Kansas_UnitedStates
20181,Sherman_Kansas_UnitedStates
20183,Smith_Kansas_UnitedStates
20185,Stafford_Kansas_UnitedStates
20187,Stanton_Kansas_UnitedStates
20189,Stevens_Kansas_UnitedStates
20191,Sumner_Kansas_UnitedStates
20201,Washington_Kansas_UnitedStates
20205,Wilson_Kansas_UnitedStates
20209,Wyandotte_Kansas_UnitedStates
21003,Allen_Kentucky_UnitedStates
21009,Barren_Kentucky_UnitedStates
21015,Boone_Kentucky_UnitedStates
21017,Bourbon_Kentucky_UnitedStates
21019,Boyd_Kentucky_UnitedStates
21021,Boyle_Kentucky_UnitedStates
21025,Breathitt_Kentucky_UnitedStates
21027,Breckinridge_Kentucky_UnitedStates
21033,Caldwell_Kentucky_UnitedStates
21035,Calloway_Kentucky_UnitedStates
21037,Campbell_Kentucky_UnitedStates
21041,Carroll_Kentucky_UnitedStates
21045,Casey_Kentucky_UnitedStates
21047,Christian_Kentucky_UnitedStates
21049,Clark_Kentucky_UnitedStates
21051,Clay_Kentucky_UnitedStates
21053,Clinton_Kentucky_UnitedStates
21055,Crittenden_Kentucky_UnitedStates
21057,Cumberland_Kentucky_UnitedStates
21059,Daviess_Kentucky_UnitedStates
21067,Fayette_Kentucky_UnitedStates
21069,Fleming_Kentucky_UnitedStates
21071,Floyd_Kentucky_UnitedStates
21073,Franklin_Kentucky_UnitedStates
21081,Grant_Kentucky_UnitedStates
21083,Graves_Kentucky_UnitedStates
21085,Grayson_Kentucky_UnitedStates
21087,Green_Kentucky_UnitedStates
21089,Greenup_Kentucky_UnitedStates
21093,Hardin_Kentucky_UnitedStates
21095,Harlan_Kentucky_UnitedStates
21097,Harrison_Kentucky_UnitedStates
21099,Hart_Kentucky_UnitedStates
21101,Henderson_Kentucky_UnitedStates
21107,Hopkins_Kentucky_UnitedStates
21111,Jefferson_Kentucky_UnitedStates
21115,Johnson_Kentucky_UnitedStates
21117,Kenton_Kentucky_UnitedStates
21121,Knox_Kentucky_UnitedStates
21125,Laurel_Kentucky_UnitedStates
21127,Lawrence_Kentucky_UnitedStates
21131,Leslie_Kentucky_UnitedStates
21133,Letcher_Kentucky_UnitedStates
21137,Lincoln_Kentucky_UnitedStates
21139,Livingston_Kentucky_UnitedStates
21141,Logan_Kentucky_UnitedStates
21145,McCracken_Kentucky_UnitedStates
21151,Madison_Kentucky_UnitedStates
21155,Marion_Kentucky_UnitedStates
21157,Marshall_Kentucky_UnitedStates
21161,Mason_Kentucky_UnitedStates
21167,Mercer_Kentucky_UnitedStates
21171,Monroe_Kentucky_UnitedStates
21173,Montgomery_Kentucky_UnitedStates
21175,Morgan_Kentucky_UnitedStates
21177,Muhlenberg_Kentucky_UnitedStates
21179,Nelson_Kentucky_UnitedStates
21183,Ohio_Kentucky_UnitedStates
21185,Oldham_Kentucky_UnitedStates
21193,Perry_Kentucky_UnitedStates
21195,Pike_Kentucky_UnitedStates
21199,Pulaski_Kentucky_UnitedStates
21203,Rockcastle_Kentucky_UnitedStates
21205,Rowan_Kentucky_UnitedStates
21207,Russell_Kentucky_UnitedStates
21209,Scott_Kentucky_UnitedStates
21211,Shelby_Kentucky_UnitedStates
21213,Simpson_Kentucky_UnitedStates
21217,Taylor_Kentucky_UnitedStates
21221,Trigg_Kentucky_UnitedStates
21225,Union_Kentucky_UnitedStates
21227,Warren_Kentucky_UnitedStates
21231,Wayne_Kentucky_UnitedStates
21235,Whitley_Kentucky_UnitedStates
21239,Woodford_Kentucky_UnitedStates
22001,Acadia_Louisiana_UnitedStates
22003,Allen_Louisiana_UnitedStates
22005,Ascension_Louisiana_UnitedStates
22007,Assumption_Louisiana_UnitedStates
22009,Avoyelles_Louisiana_UnitedStates
22011,Beauregard_Louisiana_UnitedStates
22013,Bienville_Louisiana_UnitedStates
22015,Bossier_Louisiana_UnitedStates
22017,Caddo_Louisiana_UnitedStates
22019,Calcasieu_Louisiana_UnitedStates
22021,Caldwell_Louisiana_UnitedStates
22023,Cameron_Louisiana_UnitedStates
22027,Claiborne_Louisiana_UnitedStates
22029,Concordia_Louisiana_UnitedStates
22031,DeSoto_Louisiana_UnitedStates
22033,EastBatonRouge_Louisiana_UnitedStates
22035,EastCarroll_Louisiana_UnitedStates
22037,EastFeliciana_Louisiana_UnitedStates
22039,Evangeline_Louisiana_UnitedStates
22041,Franklin_Louisiana_UnitedStates
22045,Iberia_Louisiana_UnitedStates
22047,Iberville_Louisiana_UnitedStates
22049,Jackson_Louisiana_UnitedStates
22051,Jefferson_Louisiana_UnitedStates
22053,JeffersonDavis_Louisiana_UnitedStates
22055,Lafayette_Louisiana_UnitedStates
22057,Lafourche_Louisiana_UnitedStates
22061,Lincoln_Louisiana_UnitedStates
22065,Madison_Louisiana_UnitedStates
22067,Morehouse_Louisiana_UnitedStates
22069,Natchitoches_Louisiana_UnitedStates
22071,Orleans_Louisiana_UnitedStates
22073,Ouachita_Louisiana_UnitedStates
22077,PointeCoupee_Louisiana_UnitedStates
22079,Rapides_Louisiana_UnitedStates
22081,RedRiver_Louisiana_UnitedStates
22083,Richland_Louisiana_UnitedStates
22085,Sabine_Louisiana_UnitedStates
22105,Tangipahoa_Louisiana_UnitedStates
22109,Terrebonne_Louisiana_UnitedStates
22111,Union_Louisiana_UnitedStates
22113,Vermilion_Louisiana_UnitedStates
22115,Vernon_Louisiana_UnitedStates
22117,Washington_Louisiana_UnitedStates
22119,Webster_Louisiana_UnitedStates
22123,WestCarroll_Louisiana_UnitedStates
22125,WestFeliciana_Louisiana_UnitedStates
22127,Winn_Louisiana_UnitedStates
23001,Androscoggin_Maine_UnitedStates
23003,Aroostook_Maine_UnitedStates
23005,Cumberland_Maine_UnitedStates
23007,Franklin_Maine_UnitedStates
23009,Hancock_Maine_UnitedStates
23011,Kennebec_Maine_UnitedStates
23013,Knox_Maine_UnitedStates
23015,Lincoln_Maine_UnitedStates
23017,Oxford_Maine_UnitedStates
23019,Penobscot_Maine_UnitedStates
23021,Piscataquis_Maine_UnitedStates
23025,Somerset_Maine_UnitedStates
23027,Waldo_Maine_UnitedStates
23029,Washington_Maine_UnitedStates
23031,York_Maine_UnitedStates
24001,Allegany_Maryland_UnitedStates
24003,AnneArundel_Maryland_UnitedStates
24009,Calvert_Maryland_UnitedStates
24013,Carroll_Maryland_UnitedStates
24015,Cecil_Maryland_UnitedStates
24017,Charles_Maryland_UnitedStates
24019,Dorchester_Maryland_UnitedStates
24021,Frederick_Maryland_UnitedStates
24023,Garrett_Maryland_UnitedStates
24025,Harford_Maryland_UnitedStates
24027,Howard_Maryland_UnitedStates
24029,Kent_Maryland_UnitedStates
24031,Montgomery_Maryland_UnitedStates
24041,Talbot_Maryland_UnitedStates
24043,Washington_Maryland_UnitedStates
24045,Wicomico_Maryland_UnitedStates
24047,Worcester_Maryland_UnitedStates
25001,Barnstable_Massachusetts_UnitedStates
25003,Berkshire_Massachusetts_UnitedStates
25005,Bristol_Massachusetts_UnitedStates
25007,Dukes_Massachusetts_UnitedStates
25009,Essex_Massachusetts_UnitedStates
25011,Franklin_Massachusetts_UnitedStates
25013,Hampden_Massachusetts_UnitedStates
25015,Hampshire_Massachusetts_UnitedStates
25017,Middlesex_Massachusetts_UnitedStates
25019,Nantucket_Massachusetts_UnitedStates
25021,Norfolk_Massachusetts_UnitedStates
25023,Plymouth_Massachusetts_UnitedStates
25025,Suffolk_Massachusetts_UnitedStates
25027,Worcester_Massachusetts_UnitedStates
26005,Allegan_Michigan_UnitedStates
26007,Alpena_Michigan_UnitedStates
26011,Arenac_Michigan_UnitedStates
26013,Baraga_Michigan_UnitedStates
26015,Barry_Michigan_UnitedStates
26017,Bay_Michigan_UnitedStates
26019,Benzie_Michigan_UnitedStates
26021,Berrien_Michigan_UnitedStates
26023,Branch_Michigan_UnitedStates
26025,Calhoun_Michigan_UnitedStates
26027,Cass_Michigan_UnitedStates
26029,Charlevoix_Michigan_UnitedStates
26033,Chippewa_Michigan_UnitedStates
26035,Clare_Michigan_UnitedStates
26037,Clinton_Michigan_UnitedStates
26039,Crawford_Michigan_UnitedStates
26041,Delta_Michigan_UnitedStates
26043,Dickinson_Michigan_UnitedStates
26045,Eaton_Michigan_UnitedStates
26047,Emmet_Michigan_UnitedStates
26049,Genesee_Michigan_UnitedStates
26051,Gladwin_Michigan_UnitedStates
26053,Gogebic_Michigan_UnitedStates
26055,GrandTraverse_Michigan_UnitedStates
26057,Gratiot_Michigan_UnitedStates
26059,Hillsdale_Michigan_UnitedStates
26061,Houghton_Michigan_UnitedStates
26063,Huron_Michigan_UnitedStates
26065,Ingham_Michigan_UnitedStates
26067,Ionia_Michigan_UnitedStates
26069,Iosco_Michigan_UnitedStates
26073,Isabella_Michigan_UnitedStates
26075,Jackson_Michigan_UnitedStates
26077,Kalamazoo_Michigan_UnitedStates
26079,Kalkaska_Michigan_UnitedStates
26081,Kent_Michigan_UnitedStates
26087,Lapeer_Michigan_UnitedStates
26091,Lenawee_Michigan_UnitedStates
26093,Livingston_Michigan_UnitedStates
26095,Luce_Michigan_UnitedStates
26097,Mackinac_Michigan_UnitedStates
26099,Macomb_Michigan_UnitedStates
26101,Manistee_Michigan_UnitedStates
26103,Marquette_Michigan_UnitedStates
26105,Mason_Michigan_UnitedStates
26107,Mecosta_Michigan_UnitedStates
26111,Midland_Michigan_UnitedStates
26115,Monroe_Michigan_UnitedStates
26117,Montcalm_Michigan_UnitedStates
26121,Muskegon_Michigan_UnitedStates
26123,Newaygo_Michigan_UnitedStates
26125,Oakland_Michigan_UnitedStates
26127,Oceana_Michigan_UnitedStates
26129,Ogemaw_Michigan_UnitedStates
26131,Ontonagon_Michigan_UnitedStates
26133,Osceola_Michigan_UnitedStates
26137,Otsego_Michigan_UnitedStates
26139,Ottawa_Michigan_UnitedStates
26145,Saginaw_Michigan_UnitedStates
26151,Sanilac_Michigan_UnitedStates
26153,Schoolcraft_Michigan_UnitedStates
26155,Shiawassee_Michigan_UnitedStates
26157,Tuscola_Michigan_UnitedStates
26159,VanBuren_Michigan_UnitedStates
26161,Washtenaw_Michigan_UnitedStates
26163,Wayne_Michigan_UnitedStates
26165,Wexford_Michigan_UnitedStates
27001,Aitkin_Minnesota_UnitedStates
27003,Anoka_Minnesota_UnitedStates
27005,Becker_Minnesota_UnitedStates
27007,Beltrami_Minnesota_UnitedStates
27011,BigStone_Minnesota_UnitedStates
27013,BlueEarth_Minnesota_UnitedStates
27015,Brown_Minnesota_UnitedStates
27017,Carlton_Minnesota_UnitedStates
27019,Carver_Minnesota_UnitedStates
27021,Cass_Minnesota_UnitedStates
27023,Chippewa_Minnesota_UnitedStates
27025,Chisago_Minnesota_UnitedStates
27029,Clearwater_Minnesota_UnitedStates
27033,Cottonwood_Minnesota_UnitedStates
27035,CrowWing_Minnesota_UnitedStates
27037,Dakota_Minnesota_UnitedStates
27041,Douglas_Minnesota_UnitedStates
27043,Faribault_Minnesota_UnitedStates
27047,Freeborn_Minnesota_UnitedStates
27049,Goodhue_Minnesota_UnitedStates
27051,Grant_Minnesota_UnitedStates
27053,Hennepin_Minnesota_UnitedStates
27059,Isanti_Minnesota_UnitedStates
27061,Itasca_Minnesota_UnitedStates
27063,Jackson_Minnesota_UnitedStates
27065,Kanabec_Minnesota_UnitedStates
27067,Kandiyohi_Minnesota_UnitedStates
27069,Kittson_Minnesota_UnitedStates
27071,Koochiching_Minnesota_UnitedStates
27073,LacquiParle_Minnesota_UnitedStates
27075,Lake_Minnesota_UnitedStates
27079,LeSueur_Minnesota_UnitedStates
27081,Lincoln_Minnesota_UnitedStates
27083,Lyon_Minnesota_UnitedStates
27085,McLeod_Minnesota_UnitedStates
27087,Mahnomen_Minnesota_UnitedStates
27089,Marshall_Minnesota_UnitedStates
27091,Martin_Minnesota_UnitedStates
27093,Meeker_Minnesota_UnitedStates
27095,MilleLacs_Minnesota_UnitedStates
27097,Morrison_Minnesota_UnitedStates
27101,Murray_Minnesota_UnitedStates
27103,Nicollet_Minnesota_UnitedStates
27105,Nobles_Minnesota_UnitedStates
27107,Norman_Minnesota_UnitedStates
27109,Olmsted_Minnesota_UnitedStates
27111,OtterTail_Minnesota_UnitedStates
27113,Pennington_Minnesota_UnitedStates
27115,Pine_Minnesota_UnitedStates
27117,Pipestone_Minnesota_UnitedStates
27119,Polk_Minnesota_UnitedStates
27121,Pope_Minnesota_UnitedStates
27123,Ramsey_Minnesota_UnitedStates
27127,Redwood_Minnesota_UnitedStates
27129,Renville_Minnesota_UnitedStates
27131,Rice_Minnesota_UnitedStates
27133,Rock_Minnesota_UnitedStates
27135,Roseau_Minnesota_UnitedStates
27139,Scott_Minnesota_UnitedStates
27141,Sherburne_Minnesota_UnitedStates
27143,Sibley_Minnesota_UnitedStates
27145,Stearns_Minnesota_UnitedStates
27147,Steele_Minnesota_UnitedStates
27149,Stevens_Minnesota_UnitedStates
27151,Swift_Minnesota_UnitedStates
27153,Todd_Minnesota_UnitedStates
27155,Traverse_Minnesota_UnitedStates
27157,Wabasha_Minnesota_UnitedStates
27159,Wadena_Minnesota_UnitedStates
27161,Waseca_Minnesota_UnitedStates
27163,Washington_Minnesota_UnitedStates
27165,Watonwan_Minnesota_UnitedStates
27167,Wilkin_Minnesota_UnitedStates
27169,Winona_Minnesota_UnitedStates
27171,Wright_Minnesota_UnitedStates
27173,YellowMedicine_Minnesota_UnitedStates
28001,Adams_Mississippi_UnitedStates
28003,Alcorn_Mississippi_UnitedStates
28005,Amite_Mississippi_UnitedStates
28007,Attala_Mississippi_UnitedStates
28011,Bolivar_Mississippi_UnitedStates
28013,Calhoun_Mississippi_UnitedStates
28017,Chickasaw_Mississippi_UnitedStates
28019,Choctaw_Mississippi_UnitedStates
28021,Claiborne_Mississippi_UnitedStates
28023,Clarke_Mississippi_UnitedStates
28025,Clay_Mississippi_UnitedStates
28027,Coahoma_Mississippi_UnitedStates
28029,Copiah_Mississippi_UnitedStates
28031,Covington_Mississippi_UnitedStates
28033,DeSoto_Mississippi_UnitedStates
28035,Forrest_Mississippi_UnitedStates
28037,Franklin_Mississippi_UnitedStates
28039,George_Mississippi_UnitedStates
28041,Greene_Mississippi_UnitedStates
28043,Grenada_Mississippi_UnitedStates
28045,Hancock_Mississippi_UnitedStates
28047,Harrison_Mississippi_UnitedStates
28049,Hinds_Mississippi_UnitedStates
28051,Holmes_Mississippi_UnitedStates
28059,Jackson_Mississippi_UnitedStates
28061,Jasper_Mississippi_UnitedStates
28063,Jefferson_Mississippi_UnitedStates
28065,JeffersonDavis_Mississippi_UnitedStates
28067,Jones_Mississippi_UnitedStates
28069,Kemper_Mississippi_UnitedStates
28071,Lafayette_Mississippi_UnitedStates
28073,Lamar_Mississippi_UnitedStates
28075,Lauderdale_Mississippi_UnitedStates
28077,Lawrence_Mississippi_UnitedStates
28079,Leake_Mississippi_UnitedStates
28081,Lee_Mississippi_UnitedStates
28083,Leflore_Mississippi_UnitedStates
28085,Lincoln_Mississippi_UnitedStates
28087,Lowndes_Mississippi_UnitedStates
28089,Madison_Mississippi_UnitedStates
28091,Marion_Mississippi_UnitedStates
28093,Marshall_Mississippi_UnitedStates
28095,Monroe_Mississippi_UnitedStates
28097,Montgomery_Mississippi_UnitedStates
28099,Neshoba_Mississippi_UnitedStates
28101,Newton_Mississippi_UnitedStates
28103,Noxubee_Mississippi_UnitedStates
28105,Oktibbeha_Mississippi_UnitedStates
28107,Panola_Mississippi_UnitedStates
28109,PearlRiver_Mississippi_UnitedStates
28111,Perry_Mississippi_UnitedStates
28113,Pike_Mississippi_UnitedStates
28115,Pontotoc_Mississippi_UnitedStates
28117,Prentiss_Mississippi_UnitedStates
28121,Rankin_Mississippi_UnitedStates
28123,Scott_Mississippi_UnitedStates
28125,Sharkey_Mississippi_UnitedStates
28127,Simpson_Mississippi_UnitedStates
28129,Smith_Mississippi_UnitedStates
28131,Stone_Mississippi_UnitedStates
28133,Sunflower_Mississippi_UnitedStates
28135,Tallahatchie_Mississippi_UnitedStates
28139,Tippah_Mississippi_UnitedStates
28141,Tishomingo_Mississippi_UnitedStates
28145,Union_Mississippi_UnitedStates
28147,Walthall_Mississippi_UnitedStates
28149,Warren_Mississippi_UnitedStates
28151,Washington_Mississippi_UnitedStates
28153,Wayne_Mississippi_UnitedStates
28155,Webster_Mississippi_UnitedStates
28159,Winston_Mississippi_UnitedStates
28161,Yalobusha_Mississippi_UnitedStates
28163,Yazoo_Mississippi_UnitedStates
29001,Adair_Missouri_UnitedStates
29005,Atchison_Missouri_UnitedStates
29007,Audrain_Missouri_UnitedStates
29009,Barry_Missouri_UnitedStates
29013,Bates_Missouri_UnitedStates
29019,Boone_Missouri_UnitedStates
29021,Buchanan_Missouri_UnitedStates
29023,Butler_Missouri_UnitedStates
29027,Callaway_Missouri_UnitedStates
29029,Camden_Missouri_UnitedStates
29031,CapeGirardeau_Missouri_UnitedStates
29033,Carroll_Missouri_UnitedStates
29037,Cass_Missouri_UnitedStates
29039,Cedar_Missouri_UnitedStates
29047,Clay_Missouri_UnitedStates
29049,Clinton_Missouri_UnitedStates
29051,Cole_Missouri_UnitedStates
29055,Crawford_Missouri_UnitedStates
29071,Franklin_Missouri_UnitedStates
29073,Gasconade_Missouri_UnitedStates
29075,Gentry_Missouri_UnitedStates
29077,Greene_Missouri_UnitedStates
29081,Harrison_Missouri_UnitedStates
29083,Henry_Missouri_UnitedStates
29091,Howell_Missouri_UnitedStates
29093,Iron_Missouri_UnitedStates
29095,Jackson_Missouri_UnitedStates
29097,Jasper_Missouri_UnitedStates
29099,Jefferson_Missouri_UnitedStates
29101,Johnson_Missouri_UnitedStates
29105,Laclede_Missouri_UnitedStates
29107,Lafayette_Missouri_UnitedStates
29109,Lawrence_Missouri_UnitedStates
29113,Lincoln_Missouri_UnitedStates
29115,Linn_Missouri_UnitedStates
29117,Livingston_Missouri_UnitedStates
29121,Macon_Missouri_UnitedStates
29123,Madison_Missouri_UnitedStates
29127,Marion_Missouri_UnitedStates
29145,Newton_Missouri_UnitedStates
29147,Nodaway_Missouri_UnitedStates
29155,Pemiscot_Missouri_UnitedStates
29157,Perry_Missouri_UnitedStates
29159,Pettis_Missouri_UnitedStates
29161,Phelps_Missouri_UnitedStates
29163,Pike_Missouri_UnitedStates
29165,Platte_Missouri_UnitedStates
29167,Polk_Missouri_UnitedStates
29169,Pulaski_Missouri_UnitedStates
29175,Randolph_Missouri_UnitedStates
29177,Ray_Missouri_UnitedStates
29195,Saline_Missouri_UnitedStates
29199,Scotland_Missouri_UnitedStates
29201,Scott_Missouri_UnitedStates
29207,Stoddard_Missouri_UnitedStates
29211,Sullivan_Missouri_UnitedStates
29213,Taney_Missouri_UnitedStates
29215,Texas_Missouri_UnitedStates
29217,Vernon_Missouri_UnitedStates
29221,Washington_Missouri_UnitedStates
30001,Beaverhead_Montana_UnitedStates
30003,BigHorn_Montana_UnitedStates
30007,Broadwater_Montana_UnitedStates
30009,Carbon_Montana_UnitedStates
30013,Cascade_Montana_UnitedStates
30023,DeerLodge_Montana_UnitedStates
30027,Fergus_Montana_UnitedStates
30029,Flathead_Montana_UnitedStates
30031,Gallatin_Montana_UnitedStates
30035,Glacier_Montana_UnitedStates
30041,Hill_Montana_UnitedStates
30047,Lake_Montana_UnitedStates
30049,LewisandClark_Montana_UnitedStates
30051,Liberty_Montana_UnitedStates
30053,Lincoln_Montana_UnitedStates
30057,Madison_Montana_UnitedStates
30059,Meagher_Montana_UnitedStates
30063,Missoula_Montana_UnitedStates
30065,Musselshell_Montana_UnitedStates
30067,Park_Montana_UnitedStates
30073,Pondera_Montana_UnitedStates
30081,Ravalli_Montana_UnitedStates
30083,Richland_Montana_UnitedStates
30085,Roosevelt_Montana_UnitedStates
30093,SilverBow_Montana_UnitedStates
30095,Stillwater_Montana_UnitedStates
30101,Toole_Montana_UnitedStates
30107,Wheatland_Montana_UnitedStates
30111,Yellowstone_Montana_UnitedStates
31001,Adams_Nebraska_UnitedStates
31003,Antelope_Nebraska_UnitedStates
31011,Boone_Nebraska_UnitedStates
31013,BoxButte_Nebraska_UnitedStates
31019,Buffalo_Nebraska_UnitedStates
31021,Burt_Nebraska_UnitedStates
31023,Butler_Nebraska_UnitedStates
31031,Cherry_Nebraska_UnitedStates
31033,Cheyenne_Nebraska_UnitedStates
31037,Colfax_Nebraska_UnitedStates
31039,Cuming_Nebraska_UnitedStates
31041,Custer_Nebraska_UnitedStates
31045,Dawes_Nebraska_UnitedStates
31047,Dawson_Nebraska_UnitedStates
31053,Dodge_Nebraska_UnitedStates
31055,Douglas_Nebraska_UnitedStates
31059,Fillmore_Nebraska_UnitedStates
31061,Franklin_Nebraska_UnitedStates
31065,Furnas_Nebraska_UnitedStates
31067,Gage_Nebraska_UnitedStates
31079,Hall_Nebraska_UnitedStates
31081,Hamilton_Nebraska_UnitedStates
31089,Holt_Nebraska_UnitedStates
31093,Howard_Nebraska_UnitedStates
31095,Jefferson_Nebraska_UnitedStates
31097,Johnson_Nebraska_UnitedStates
31099,Kearney_Nebraska_UnitedStates
31101,Keith_Nebraska_UnitedStates
31105,Kimball_Nebraska_UnitedStates
31107,Knox_Nebraska_UnitedStates
31109,Lancaster_Nebraska_UnitedStates
31111,Lincoln_Nebraska_UnitedStates
31119,Madison_Nebraska_UnitedStates
31121,Merrick_Nebraska_UnitedStates
31123,Morrill_Nebraska_UnitedStates
31125,Nance_Nebraska_UnitedStates
31127,Nemaha_Nebraska_UnitedStates
31131,Otoe_Nebraska_UnitedStates
31137,Phelps_Nebraska_UnitedStates
31139,Pierce_Nebraska_UnitedStates
31141,Platte_Nebraska_UnitedStates
31143,Polk_Nebraska_UnitedStates
31145,RedWillow_Nebraska_UnitedStates
31151,Saline_Nebraska_UnitedStates
31153,Sarpy_Nebraska_UnitedStates
31155,Saunders_Nebraska_UnitedStates
31157,ScottsBluff_Nebraska_UnitedStates
31159,Seward_Nebraska_UnitedStates
31173,Thurston_Nebraska_UnitedStates
31175,Valley_Nebraska_UnitedStates
31177,Washington_Nebraska_UnitedStates
31179,Wayne_Nebraska_UnitedStates
31181,Webster_Nebraska_UnitedStates
31185,York_Nebraska_UnitedStates
32001,Churchill_Nevada_UnitedStates
32003,Clark_Nevada_UnitedStates
32005,Douglas_Nevada_UnitedStates
32007,Elko_Nevada_UnitedStates
32013,Humboldt_Nevada_UnitedStates
32015,Lander_Nevada_UnitedStates
32017,Lincoln_Nevada_UnitedStates
32019,Lyon_Nevada_UnitedStates
32021,Mineral_Nevada_UnitedStates
32023,Nye_Nevada_UnitedStates
32027,Pershing_Nevada_UnitedStates
32031,Washoe_Nevada_UnitedStates
32033,WhitePine_Nevada_UnitedStates
33001,Belknap_NewHampshire_UnitedStates
33003,Carroll_NewHampshire_UnitedStates
33005,Cheshire_NewHampshire_UnitedStates
33007,Coos_NewHampshire_UnitedStates
33009,Grafton_NewHampshire_UnitedStates
33011,Hillsborough_NewHampshire_UnitedStates
33013,Merrimack_NewHampshire_UnitedStates
33015,Rockingham_NewHampshire_UnitedStates
33017,Strafford_NewHampshire_UnitedStates
33019,Sullivan_NewHampshire_UnitedStates
34001,Atlantic_NewJersey_UnitedStates
34003,Bergen_NewJersey_UnitedStates
34005,Burlington_NewJersey_UnitedStates
34007,Camden_NewJersey_UnitedStates
34009,CapeMay_NewJersey_UnitedStates
34011,Cumberland_NewJersey_UnitedStates
34013,Essex_NewJersey_UnitedStates
34015,Gloucester_NewJersey_UnitedStates
34017,Hudson_NewJersey_UnitedStates
34019,Hunterdon_NewJersey_UnitedStates
34021,Mercer_NewJersey_UnitedStates
34023,Middlesex_NewJersey_UnitedStates
34025,Monmouth_NewJersey_UnitedStates
34027,Morris_NewJersey_UnitedStates
34029,Ocean_NewJersey_UnitedStates
34031,Passaic_NewJersey_UnitedStates
34033,Salem_NewJersey_UnitedStates
34035,Somerset_NewJersey_UnitedStates
34037,Sussex_NewJersey_UnitedStates
34039,Union_NewJersey_UnitedStates
34041,Warren_NewJersey_UnitedStates
35001,Bernalillo_NewMexico_UnitedStates
35005,Chaves_NewMexico_UnitedStates
35006,Cibola_NewMexico_UnitedStates
35007,Colfax_NewMexico_UnitedStates
35009,Curry_NewMexico_UnitedStates
35015,Eddy_NewMexico_UnitedStates
35017,Grant_NewMexico_UnitedStates
35019,Guadalupe_NewMexico_UnitedStates
35025,Lea_NewMexico_UnitedStates
35027,Lincoln_NewMexico_UnitedStates
35028,LosAlamos_NewMexico_UnitedStates
35029,Luna_NewMexico_UnitedStates
35031,McKinley_NewMexico_UnitedStates
35035,Otero_NewMexico_UnitedStates
35037,Quay_NewMexico_UnitedStates
35039,RioArriba_NewMexico_UnitedStates
35041,Roosevelt_NewMexico_UnitedStates
35043,Sandoval_NewMexico_UnitedStates
35045,SanJuan_NewMexico_UnitedStates
35047,SanMiguel_NewMexico_UnitedStates
35049,SantaFe_NewMexico_UnitedStates
35051,Sierra_NewMexico_UnitedStates
35053,Socorro_NewMexico_UnitedStates
35055,Taos_NewMexico_UnitedStates
35059,Union_NewMexico_UnitedStates
36001,Albany_NewYork_UnitedStates
36003,Allegany_NewYork_UnitedStates
36007,Broome_NewYork_UnitedStates
36009,Cattaraugus_NewYork_UnitedStates
36011,Cayuga_NewYork_UnitedStates
36013,Chautauqua_NewYork_UnitedStates
36015,Chemung_NewYork_UnitedStates
36017,Chenango_NewYork_UnitedStates
36019,Clinton_NewYork_UnitedStates
36021,Columbia_NewYork_UnitedStates
36023,Cortland_NewYork_UnitedStates
36025,Delaware_NewYork_UnitedStates
36027,Dutchess_NewYork_UnitedStates
36029,Erie_NewYork_UnitedStates
36031,Essex_NewYork_UnitedStates
36033,Franklin_NewYork_UnitedStates
36035,Fulton_NewYork_UnitedStates
36037,Genesee_NewYork_UnitedStates
36043,Herkimer_NewYork_UnitedStates
36045,Jefferson_NewYork_UnitedStates
36049,Lewis_NewYork_UnitedStates
36051,Livingston_NewYork_UnitedStates
36053,Madison_NewYork_UnitedStates
36055,Monroe_NewYork_UnitedStates
36057,Montgomery_NewYork_UnitedStates
36059,Nassau_NewYork_UnitedStates
36063,Niagara_NewYork_UnitedStates
36065,Oneida_NewYork_UnitedStates
36067,Onondaga_NewYork_UnitedStates
36069,Ontario_NewYork_UnitedStates
36071,Orange_NewYork_UnitedStates
36073,Orleans_NewYork_UnitedStates
36075,Oswego_NewYork_UnitedStates
36077,Otsego_NewYork_UnitedStates
36079,Putnam_NewYork_UnitedStates
36083,Rensselaer_NewYork_UnitedStates
36087,Rockland_NewYork_UnitedStates
36091,Saratoga_NewYork_UnitedStates
36093,Schenectady_NewYork_UnitedStates
36095,Schoharie_NewYork_UnitedStates
36097,Schuyler_NewYork_UnitedStates
36101,Steuben_NewYork_UnitedStates
36103,Suffolk_NewYork_UnitedStates
36105,Sullivan_NewYork_UnitedStates
36109,Tompkins_NewYork_UnitedStates
36111,Ulster_NewYork_UnitedStates
36113,Warren_NewYork_UnitedStates
36117,Wayne_NewYork_UnitedStates
36119,Westchester_NewYork_UnitedStates
36121,Wyoming_NewYork_UnitedStates
36123,Yates_NewYork_UnitedStates
37001,Alamance_NorthCarolina_UnitedStates
37005,Alleghany_NorthCarolina_UnitedStates
37007,Anson_NorthCarolina_UnitedStates
37009,Ashe_NorthCarolina_UnitedStates
37013,Beaufort_NorthCarolina_UnitedStates
37015,Bertie_NorthCarolina_UnitedStates
37017,Bladen_NorthCarolina_UnitedStates
37019,Brunswick_NorthCarolina_UnitedStates
37021,Buncombe_NorthCarolina_UnitedStates
37023,Burke_NorthCarolina_UnitedStates
37025,Cabarrus_NorthCarolina_UnitedStates
37027,Caldwell_NorthCarolina_UnitedStates
37031,Carteret_NorthCarolina_UnitedStates
37035,Catawba_NorthCarolina_UnitedStates
37037,Chatham_NorthCarolina_UnitedStates
37039,Cherokee_NorthCarolina_UnitedStates
37041,Chowan_NorthCarolina_UnitedStates
37045,Cleveland_NorthCarolina_UnitedStates
37047,Columbus_NorthCarolina_UnitedStates
37049,Craven_NorthCarolina_UnitedStates
37051,Cumberland_NorthCarolina_UnitedStates
37055,Dare_NorthCarolina_UnitedStates
37057,Davidson_NorthCarolina_UnitedStates
37059,Davie_NorthCarolina_UnitedStates
37061,Duplin_NorthCarolina_UnitedStates
37063,Durham_NorthCarolina_UnitedStates
37065,Edgecombe_NorthCarolina_UnitedStates
37067,Forsyth_NorthCarolina_UnitedStates
37071,Gaston_NorthCarolina_UnitedStates
37077,Granville_NorthCarolina_UnitedStates
37081,Guilford_NorthCarolina_UnitedStates
37083,Halifax_NorthCarolina_UnitedStates
37085,Harnett_NorthCarolina_UnitedStates
37087,Haywood_NorthCarolina_UnitedStates
37089,Henderson_NorthCarolina_UnitedStates
37091,Hertford_NorthCarolina_UnitedStates
37093,Hoke_NorthCarolina_UnitedStates
37097,Iredell_NorthCarolina_UnitedStates
37099,Jackson_NorthCarolina_UnitedStates
37101,Johnston_NorthCarolina_UnitedStates
37105,Lee_NorthCarolina_UnitedStates
37107,Lenoir_NorthCarolina_UnitedStates
37109,Lincoln_NorthCarolina_UnitedStates
37111,McDowell_NorthCarolina_UnitedStates
37113,Macon_NorthCarolina_UnitedStates
37117,Martin_NorthCarolina_UnitedStates
37119,Mecklenburg_NorthCarolina_UnitedStates
37121,Mitchell_NorthCarolina_UnitedStates
37123,Montgomery_NorthCarolina_UnitedStates
37125,Moore_NorthCarolina_UnitedStates
37127,Nash_NorthCarolina_UnitedStates
37129,NewHanover_NorthCarolina_UnitedStates
37133,Onslow_NorthCarolina_UnitedStates
37135,Orange_NorthCarolina_UnitedStates
37139,Pasquotank_NorthCarolina_UnitedStates
37141,Pender_NorthCarolina_UnitedStates
37145,Person_NorthCarolina_UnitedStates
37147,Pitt_NorthCarolina_UnitedStates
37149,Polk_NorthCarolina_UnitedStates
37151,Randolph_NorthCarolina_UnitedStates
37155,Robeson_NorthCarolina_UnitedStates
37157,Rockingham_NorthCarolina_UnitedStates
37159,Rowan_NorthCarolina_UnitedStates
37161,Rutherford_NorthCarolina_UnitedStates
37163,Sampson_NorthCarolina_UnitedStates
37165,Scotland_NorthCarolina_UnitedStates
37167,Stanly_NorthCarolina_UnitedStates
37169,Stokes_NorthCarolina_UnitedStates
37171,Surry_NorthCarolina_UnitedStates
37173,Swain_NorthCarolina_UnitedStates
37175,Transylvania_NorthCarolina_UnitedStates
37179,Union_NorthCarolina_UnitedStates
37181,Vance_NorthCarolina_UnitedStates
37183,Wake_NorthCarolina_UnitedStates
37187,Washington_NorthCarolina_UnitedStates
37189,Watauga_NorthCarolina_UnitedStates
37191,Wayne_NorthCarolina_UnitedStates
37193,Wilkes_NorthCarolina_UnitedStates
37195,Wilson_NorthCarolina_UnitedStates
38003,Barnes_NorthDakota_UnitedStates
38011,Bowman_NorthDakota_UnitedStates
38015,Burleigh_NorthDakota_UnitedStates
38017,Cass_NorthDakota_UnitedStates
38023,Divide_NorthDakota_UnitedStates
38029,Emmons_NorthDakota_UnitedStates
38031,Foster_NorthDakota_UnitedStates
38035,GrandForks_NorthDakota_UnitedStates
38037,Grant_NorthDakota_UnitedStates
38051,McIntosh_NorthDakota_UnitedStates
38053,McKenzie_NorthDakota_UnitedStates
38055,McLean_NorthDakota_UnitedStates
38057,Mercer_NorthDakota_UnitedStates
38059,Morton_NorthDakota_UnitedStates
38061,Mountrail_NorthDakota_UnitedStates
38063,Nelson_NorthDakota_UnitedStates
38067,Pembina_NorthDakota_UnitedStates
38069,Pierce_NorthDakota_UnitedStates
38071,Ramsey_NorthDakota_UnitedStates
38073,Ransom_NorthDakota_UnitedStates
38079,Rolette_NorthDakota_UnitedStates
38085,Sioux_NorthDakota_UnitedStates
38089,Stark_NorthDakota_UnitedStates
38093,Stutsman_NorthDakota_UnitedStates
38097,Traill_NorthDakota_UnitedStates
38099,Walsh_NorthDakota_UnitedStates
38101,Ward_NorthDakota_UnitedStates
38103,Wells_NorthDakota_UnitedStates
38105,Williams_NorthDakota_UnitedStates
39001,Adams_Ohio_UnitedStates
39003,Allen_Ohio_UnitedStates
39005,Ashland_Ohio_UnitedStates
39007,Ashtabula_Ohio_UnitedStates
39009,Athens_Ohio_UnitedStates
39011,Auglaize_Ohio_UnitedStates
39013,Belmont_Ohio_UnitedStates
39017,Butler_Ohio_UnitedStates
39021,Champaign_Ohio_UnitedStates
39023,Clark_Ohio_UnitedStates
39025,Clermont_Ohio_UnitedStates
39027,Clinton_Ohio_UnitedStates
39029,Columbiana_Ohio_UnitedStates
39031,Coshocton_Ohio_UnitedStates
39033,Crawford_Ohio_UnitedStates
39035,Cuyahoga_Ohio_UnitedStates
39037,Darke_Ohio_UnitedStates
39039,Defiance_Ohio_UnitedStates
39041,Delaware_Ohio_UnitedStates
39043,Erie_Ohio_UnitedStates
39045,Fairfield_Ohio_UnitedStates
39047,Fayette_Ohio_UnitedStates
39049,Franklin_Ohio_UnitedStates
39051,Fulton_Ohio_UnitedStates
39053,Gallia_Ohio_UnitedStates
39055,Geauga_Ohio_UnitedStates
39057,Greene_Ohio_UnitedStates
39059,Guernsey_Ohio_UnitedStates
39061,Hamilton_Ohio_UnitedStates
39063,Hancock_Ohio_UnitedStates
39065,Hardin_Ohio_UnitedStates
39067,Harrison_Ohio_UnitedStates
39069,Henry_Ohio_UnitedStates
39071,Highland_Ohio_UnitedStates
39073,Hocking_Ohio_UnitedStates
39075,Holmes_Ohio_UnitedStates
39077,Huron_Ohio_UnitedStates
39079,Jackson_Ohio_UnitedStates
39081,Jefferson_Ohio_UnitedStates
39083,Knox_Ohio_UnitedStates
39085,Lake_Ohio_UnitedStates
39087,Lawrence_Ohio_UnitedStates
39089,Licking_Ohio_UnitedStates
39091,Logan_Ohio_UnitedStates
39093,Lorain_Ohio_UnitedStates
39095,Lucas_Ohio_UnitedStates
39097,Madison_Ohio_UnitedStates
39099,Mahoning_Ohio_UnitedStates
39101,Marion_Ohio_UnitedStates
39103,Medina_Ohio_UnitedStates
39107,Mercer_Ohio_UnitedStates
39109,Miami_Ohio_UnitedStates
39113,Montgomery_Ohio_UnitedStates
39117,Morrow_Ohio_UnitedStates
39119,Muskingum_Ohio_UnitedStates
39123,Ottawa_Ohio_UnitedStates
39125,Paulding_Ohio_UnitedStates
39129,Pickaway_Ohio_UnitedStates
39131,Pike_Ohio_UnitedStates
39133,Portage_Ohio_UnitedStates
39139,Richland_Ohio_UnitedStates
39141,Ross_Ohio_UnitedStates
39143,Sandusky_Ohio_UnitedStates
39145,Scioto_Ohio_UnitedStates
39147,Seneca_Ohio_UnitedStates
39149,Shelby_Ohio_UnitedStates
39151,Stark_Ohio_UnitedStates
39153,Summit_Ohio_UnitedStates
39155,Trumbull_Ohio_UnitedStates
39157,Tuscarawas_Ohio_UnitedStates
39159,Union_Ohio_UnitedStates
39161,VanWert_Ohio_UnitedStates
39165,Warren_Ohio_UnitedStates
39167,Washington_Ohio_UnitedStates
39169,Wayne_Ohio_UnitedStates
39171,Williams_Ohio_UnitedStates
39173,Wood_Ohio_UnitedStates
39175,Wyandot_Ohio_UnitedStates
40001,Adair_Oklahoma_UnitedStates
40005,Atoka_Oklahoma_UnitedStates
40007,Beaver_Oklahoma_UnitedStates
40009,Beckham_Oklahoma_UnitedStates
40011,Blaine_Oklahoma_UnitedStates
40013,Bryan_Oklahoma_UnitedStates
40015,Caddo_Oklahoma_UnitedStates
40017,Canadian_Oklahoma_UnitedStates
40019,Carter_Oklahoma_UnitedStates
40021,Cherokee_Oklahoma_UnitedStates
40023,Choctaw_Oklahoma_UnitedStates
40025,Cimarron_Oklahoma_UnitedStates
40027,Cleveland_Oklahoma_UnitedStates
40031,Comanche_Oklahoma_UnitedStates
40035,Craig_Oklahoma_UnitedStates
40037,Creek_Oklahoma_UnitedStates
40039,Custer_Oklahoma_UnitedStates
40041,Delaware_Oklahoma_UnitedStates
40043,Dewey_Oklahoma_UnitedStates
40047,Garfield_Oklahoma_UnitedStates
40049,Garvin_Oklahoma_UnitedStates
40051,Grady_Oklahoma_UnitedStates
40055,Greer_Oklahoma_UnitedStates
40059,Harper_Oklahoma_UnitedStates
40065,Jackson_Oklahoma_UnitedStates
40067,Jefferson_Oklahoma_UnitedStates
40069,Johnston_Oklahoma_UnitedStates
40071,Kay_Oklahoma_UnitedStates
40073,Kingfisher_Oklahoma_UnitedStates
40075,Kiowa_Oklahoma_UnitedStates
40077,Latimer_Oklahoma_UnitedStates
40079,LeFlore_Oklahoma_UnitedStates
40081,Lincoln_Oklahoma_UnitedStates
40083,Logan_Oklahoma_UnitedStates
40085,Love_Oklahoma_UnitedStates
40087,McClain_Oklahoma_UnitedStates
40089,McCurtain_Oklahoma_UnitedStates
40093,Major_Oklahoma_UnitedStates
40095,Marshall_Oklahoma_UnitedStates
40097,Mayes_Oklahoma_UnitedStates
40099,Murray_Oklahoma_UnitedStates
40101,Muskogee_Oklahoma_UnitedStates
40103,Noble_Oklahoma_UnitedStates
40105,Nowata_Oklahoma_UnitedStates
40107,Okfuskee_Oklahoma_UnitedStates
40109,Oklahoma_Oklahoma_UnitedStates
40111,Okmulgee_Oklahoma_UnitedStates
40113,Osage_Oklahoma_UnitedStates
40115,Ottawa_Oklahoma_UnitedStates
40117,Pawnee_Oklahoma_UnitedStates
40119,Payne_Oklahoma_UnitedStates
40121,Pittsburg_Oklahoma_UnitedStates
40123,Pontotoc_Oklahoma_UnitedStates
40125,Pottawatomie_Oklahoma_UnitedStates
40127,Pushmataha_Oklahoma_UnitedStates
40131,Rogers_Oklahoma_UnitedStates
40133,Seminole_Oklahoma_UnitedStates
40135,Sequoyah_Oklahoma_UnitedStates
40137,Stephens_Oklahoma_UnitedStates
40139,Texas_Oklahoma_UnitedStates
40143,Tulsa_Oklahoma_UnitedStates
40145,Wagoner_Oklahoma_UnitedStates
40147,Washington_Oklahoma_UnitedStates
40149,Washita_Oklahoma_UnitedStates
40151,Woods_Oklahoma_UnitedStates
40153,Woodward_Oklahoma_UnitedStates
41001,Baker_Oregon_UnitedStates
41003,Benton_Oregon_UnitedStates
41005,Clackamas_Oregon_UnitedStates
41007,Clatsop_Oregon_UnitedStates
41011,Coos_Oregon_UnitedStates
41013,Crook_Oregon_UnitedStates
41015,Curry_Oregon_UnitedStates
41017,Deschutes_Oregon_UnitedStates
41019,Douglas_Oregon_UnitedStates
41023,Grant_Oregon_UnitedStates
41025,Harney_Oregon_UnitedStates
41027,HoodRiver_Oregon_UnitedStates
41029,Jackson_Oregon_UnitedStates
41031,Jefferson_Oregon_UnitedStates
41033,Josephine_Oregon_UnitedStates
41035,Klamath_Oregon_UnitedStates
41039,Lane_Oregon_UnitedStates
41041,Lincoln_Oregon_UnitedStates
41043,Linn_Oregon_UnitedStates
41045,Malheur_Oregon_UnitedStates
41047,Marion_Oregon_UnitedStates
41049,Morrow_Oregon_UnitedStates
41051,Multnomah_Oregon_UnitedStates
41053,Polk_Oregon_UnitedStates
41057,Tillamook_Oregon_UnitedStates
41059,Umatilla_Oregon_UnitedStates
41061,Union_Oregon_UnitedStates
41063,Wallowa_Oregon_UnitedStates
41065,Wasco_Oregon_UnitedStates
41067,Washington_Oregon_UnitedStates
41071,Yamhill_Oregon_UnitedStates
42001,Adams_Pennsylvania_UnitedStates
42003,Allegheny_Pennsylvania_UnitedStates
42005,Armstrong_Pennsylvania_UnitedStates
42007,Beaver_Pennsylvania_UnitedStates
42009,Bedford_Pennsylvania_UnitedStates
42011,Berks_Pennsylvania_UnitedStates
42013,Blair_Pennsylvania_UnitedStates
42015,Bradford_Pennsylvania_UnitedStates
42017,Bucks_Pennsylvania_UnitedStates
42019,Butler_Pennsylvania_UnitedStates
42021,Cambria_Pennsylvania_UnitedStates
42025,Carbon_Pennsylvania_UnitedStates
42027,Centre_Pennsylvania_UnitedStates
42029,Chester_Pennsylvania_UnitedStates
42031,Clarion_Pennsylvania_UnitedStates
42033,Clearfield_Pennsylvania_UnitedStates
42035,Clinton_Pennsylvania_UnitedStates
42037,Columbia_Pennsylvania_UnitedStates
42039,Crawford_Pennsylvania_UnitedStates
42041,Cumberland_Pennsylvania_UnitedStates
42043,Dauphin_Pennsylvania_UnitedStates
42045,Delaware_Pennsylvania_UnitedStates
42047,Elk_Pennsylvania_UnitedStates
42049,Erie_Pennsylvania_UnitedStates
42051,Fayette_Pennsylvania_UnitedStates
42055,Franklin_Pennsylvania_UnitedStates
42057,Fulton_Pennsylvania_UnitedStates
42059,Greene_Pennsylvania_UnitedStates
42061,Huntingdon_Pennsylvania_UnitedStates
42063,Indiana_Pennsylvania_UnitedStates
42065,Jefferson_Pennsylvania_UnitedStates
42069,Lackawanna_Pennsylvania_UnitedStates
42071,Lancaster_Pennsylvania_UnitedStates
42073,Lawrence_Pennsylvania_UnitedStates
42075,Lebanon_Pennsylvania_UnitedStates
42077,Lehigh_Pennsylvania_UnitedStates
42079,Luzerne_Pennsylvania_UnitedStates
42081,Lycoming_Pennsylvania_UnitedStates
42083,McKean_Pennsylvania_UnitedStates
42085,Mercer_Pennsylvania_UnitedStates
42087,Mifflin_Pennsylvania_UnitedStates
42089,Monroe_Pennsylvania_UnitedStates
42091,Montgomery_Pennsylvania_UnitedStates
42093,Montour_Pennsylvania_UnitedStates
42095,Northampton_Pennsylvania_UnitedStates
42101,Philadelphia_Pennsylvania_UnitedStates
42105,Potter_Pennsylvania_UnitedStates
42107,Schuylkill_Pennsylvania_UnitedStates
42111,Somerset_Pennsylvania_UnitedStates
42115,Susquehanna_Pennsylvania_UnitedStates
42117,Tioga_Pennsylvania_UnitedStates
42119,Union_Pennsylvania_UnitedStates
42121,Venango_Pennsylvania_UnitedStates
42123,Warren_Pennsylvania_UnitedStates
42125,Washington_Pennsylvania_UnitedStates
42127,Wayne_Pennsylvania_UnitedStates
42129,Westmoreland_Pennsylvania_UnitedStates
42131,Wyoming_Pennsylvania_UnitedStates
42133,York_Pennsylvania_UnitedStates
44003,Kent_RhodeIsland_UnitedStates
44005,Newport_RhodeIsland_UnitedStates
44007,Providence_RhodeIsland_UnitedStates
44009,Washington_RhodeIsland_UnitedStates
45001,Abbeville_SouthCarolina_UnitedStates
45003,Aiken_SouthCarolina_UnitedStates
45005,Allendale_SouthCarolina_UnitedStates
45007,Anderson_SouthCarolina_UnitedStates
45013,Beaufort_SouthCarolina_UnitedStates
45019,Charleston_SouthCarolina_UnitedStates
45021,Cherokee_SouthCarolina_UnitedStates
45023,Chester_SouthCarolina_UnitedStates
45025,Chesterfield_SouthCarolina_UnitedStates
45027,Clarendon_SouthCarolina_UnitedStates
45029,Colleton_SouthCarolina_UnitedStates
45031,Darlington_SouthCarolina_UnitedStates
45033,Dillon_SouthCarolina_UnitedStates
45037,Edgefield_SouthCarolina_UnitedStates
45041,Florence_SouthCarolina_UnitedStates
45043,Georgetown_SouthCarolina_UnitedStates
45045,Greenville_SouthCarolina_UnitedStates
45047,Greenwood_SouthCarolina_UnitedStates
45049,Hampton_SouthCarolina_UnitedStates
45051,Horry_SouthCarolina_UnitedStates
45053,Jasper_SouthCarolina_UnitedStates
45055,Kershaw_SouthCarolina_UnitedStates
45057,Lancaster_SouthCarolina_UnitedStates
45059,Laurens_SouthCarolina_UnitedStates
45063,Lexington_SouthCarolina_UnitedStates
45067,Marion_SouthCarolina_UnitedStates
45071,Newberry_SouthCarolina_UnitedStates
45073,Oconee_SouthCarolina_UnitedStates
45075,Orangeburg_SouthCarolina_UnitedStates
45077,Pickens_SouthCarolina_UnitedStates
45079,Richland_SouthCarolina_UnitedStates
45083,Spartanburg_SouthCarolina_UnitedStates
45085,Sumter_SouthCarolina_UnitedStates
45087,Union_SouthCarolina_UnitedStates
45089,Williamsburg_SouthCarolina_UnitedStates
45091,York_SouthCarolina_UnitedStates
46005,Beadle_SouthDakota_UnitedStates
46009,BonHomme_SouthDakota_UnitedStates
46011,Brookings_SouthDakota_UnitedStates
46013,Brown_SouthDakota_UnitedStates
46015,Brule_SouthDakota_UnitedStates
46023,CharlesMix_SouthDakota_UnitedStates
46027,Clay_SouthDakota_UnitedStates
46029,Codington_SouthDakota_UnitedStates
46035,Davison_SouthDakota_UnitedStates
46037,Day_SouthDakota_UnitedStates
46039,Deuel_SouthDakota_UnitedStates
46043,Douglas_SouthDakota_UnitedStates
46047,FallRiver_SouthDakota_UnitedStates
46049,Faulk_SouthDakota_UnitedStates
46051,Grant_SouthDakota_UnitedStates
46059,Hand_SouthDakota_UnitedStates
46065,Hughes_SouthDakota_UnitedStates
46067,Hutchinson_SouthDakota_UnitedStates
46073,Jerauld_SouthDakota_UnitedStates
46077,Kingsbury_SouthDakota_UnitedStates
46079,Lake_SouthDakota_UnitedStates
46081,Lawrence_SouthDakota_UnitedStates
46083,Lincoln_SouthDakota_UnitedStates
46089,McPherson_SouthDakota_UnitedStates
46091,Marshall_SouthDakota_UnitedStates
46093,Meade_SouthDakota_UnitedStates
46099,Minnehaha_SouthDakota_UnitedStates
46101,Moody_SouthDakota_UnitedStates
46102,OglalaLakota_SouthDakota_UnitedStates
46103,Pennington_SouthDakota_UnitedStates
46109,Roberts_SouthDakota_UnitedStates
46115,Spink_SouthDakota_UnitedStates
46121,Todd_SouthDakota_UnitedStates
46125,Turner_SouthDakota_UnitedStates
46127,Union_SouthDakota_UnitedStates
46129,Walworth_SouthDakota_UnitedStates
46135,Yankton_SouthDakota_UnitedStates
46137,Ziebach_SouthDakota_UnitedStates
47001,Anderson_Tennessee_UnitedStates
47003,Bedford_Tennessee_UnitedStates
47005,Benton_Tennessee_UnitedStates
47007,Bledsoe_Tennessee_UnitedStates
47009,Blount_Tennessee_UnitedStates
47011,Bradley_Tennessee_UnitedStates
47013,Campbell_Tennessee_UnitedStates
47015,Cannon_Tennessee_UnitedStates
47017,Carroll_Tennessee_UnitedStates
47019,Carter_Tennessee_UnitedStates
47021,Cheatham_Tennessee_UnitedStates
47025,Claiborne_Tennessee_UnitedStates
47029,Cocke_Tennessee_UnitedStates
47031,Coffee_Tennessee_UnitedStates
47035,Cumberland_Tennessee_UnitedStates
47037,Davidson_Tennessee_UnitedStates
47039,Decatur_Tennessee_UnitedStates
47041,DeKalb_Tennessee_UnitedStates
47043,Dickson_Tennessee_UnitedStates
47045,Dyer_Tennessee_UnitedStates
47051,Franklin_Tennessee_UnitedStates
47053,Gibson_Tennessee_UnitedStates
47055,Giles_Tennessee_UnitedStates
47059,Greene_Tennessee_UnitedStates
47063,Hamblen_Tennessee_UnitedStates
47065,Hamilton_Tennessee_UnitedStates
47067,Hancock_Tennessee_UnitedStates
47069,Hardeman_Tennessee_UnitedStates
47071,Hardin_Tennessee_UnitedStates
47073,Hawkins_Tennessee_UnitedStates
47077,Henderson_Tennessee_UnitedStates
47079,Henry_Tennessee_UnitedStates
47081,Hickman_Tennessee_UnitedStates
47083,Houston_Tennessee_UnitedStates
47085,Humphreys_Tennessee_UnitedStates
47089,Jefferson_Tennessee_UnitedStates
47091,Johnson_Tennessee_UnitedStates
47093,Knox_Tennessee_UnitedStates
47097,Lauderdale_Tennessee_UnitedStates
47099,Lawrence_Tennessee_UnitedStates
47103,Lincoln_Tennessee_UnitedStates
47105,Loudon_Tennessee_UnitedStates
47107,McMinn_Tennessee_UnitedStates
47111,Macon_Tennessee_UnitedStates
47113,Madison_Tennessee_UnitedStates
47117,Marshall_Tennessee_UnitedStates
47119,Maury_Tennessee_UnitedStates
47123,Monroe_Tennessee_UnitedStates
47125,Montgomery_Tennessee_UnitedStates
47131,Obion_Tennessee_UnitedStates
47133,Overton_Tennessee_UnitedStates
47135,Perry_Tennessee_UnitedStates
47141,Putnam_Tennessee_UnitedStates
47143,Rhea_Tennessee_UnitedStates
47145,Roane_Tennessee_UnitedStates
47147,Robertson_Tennessee_UnitedStates
47149,Rutherford_Tennessee_UnitedStates
47151,Scott_Tennessee_UnitedStates
47155,Sevier_Tennessee_UnitedStates
47157,Shelby_Tennessee_UnitedStates
47159,Smith_Tennessee_UnitedStates
47163,Sullivan_Tennessee_UnitedStates
47165,Sumner_Tennessee_UnitedStates
47167,Tipton_Tennessee_UnitedStates
47169,Trousdale_Tennessee_UnitedStates
47171,Unicoi_Tennessee_UnitedStates
47177,Warren_Tennessee_UnitedStates
47179,Washington_Tennessee_UnitedStates
47181,Wayne_Tennessee_UnitedStates
47183,Weakley_Tennessee_UnitedStates
47185,White_Tennessee_UnitedStates
47187,Williamson_Tennessee_UnitedStates
47189,Wilson_Tennessee_UnitedStates
48001,Anderson_Texas_UnitedStates
48003,Andrews_Texas_UnitedStates
48005,Angelina_Texas_UnitedStates
48013,Atascosa_Texas_UnitedStates
48015,Austin_Texas_UnitedStates
48017,Bailey_Texas_UnitedStates
48021,Bastrop_Texas_UnitedStates
48025,Bee_Texas_UnitedStates
48027,Bell_Texas_UnitedStates
48029,Bexar_Texas_UnitedStates
48035,Bosque_Texas_UnitedStates
48037,Bowie_Texas_UnitedStates
48039,Brazoria_Texas_UnitedStates
48041,Brazos_Texas_UnitedStates
48043,Brewster_Texas_UnitedStates
48049,Brown_Texas_UnitedStates
48051,Burleson_Texas_UnitedStates
48053,Burnet_Texas_UnitedStates
48055,Caldwell_Texas_UnitedStates
48057,Calhoun_Texas_UnitedStates
48061,Cameron_Texas_UnitedStates
48063,Camp_Texas_UnitedStates
48069,Castro_Texas_UnitedStates
48071,Chambers_Texas_UnitedStates
48073,Cherokee_Texas_UnitedStates
48075,Childress_Texas_UnitedStates
48077,Clay_Texas_UnitedStates
48079,Cochran_Texas_UnitedStates
48083,Coleman_Texas_UnitedStates
48085,Collin_Texas_UnitedStates
48087,Collingsworth_Texas_UnitedStates
48089,Colorado_Texas_UnitedStates
48091,Comal_Texas_UnitedStates
48093,Comanche_Texas_UnitedStates
48095,Concho_Texas_UnitedStates
48097,Cooke_Texas_UnitedStates
48099,Coryell_Texas_UnitedStates
48103,Crane_Texas_UnitedStates
48107,Crosby_Texas_UnitedStates
48113,Dallas_Texas_UnitedStates
48115,Dawson_Texas_UnitedStates
48117,DeafSmith_Texas_UnitedStates
48121,Denton_Texas_UnitedStates
48123,DeWitt_Texas_UnitedStates
48127,Dimmit_Texas_UnitedStates
48133,Eastland_Texas_UnitedStates
48135,Ector_Texas_UnitedStates
48139,Ellis_Texas_UnitedStates
48141,ElPaso_Texas_UnitedStates
48143,Erath_Texas_UnitedStates
48145,Falls_Texas_UnitedStates
48147,Fannin_Texas_UnitedStates
48149,Fayette_Texas_UnitedStates
48153,Floyd_Texas_UnitedStates
48157,FortBend_Texas_UnitedStates
48161,Freestone_Texas_UnitedStates
48163,Frio_Texas_UnitedStates
48165,Gaines_Texas_UnitedStates
48167,Galveston_Texas_UnitedStates
48171,Gillespie_Texas_UnitedStates
48177,Gonzales_Texas_UnitedStates
48179,Gray_Texas_UnitedStates
48181,Grayson_Texas_UnitedStates
48183,Gregg_Texas_UnitedStates
48185,Grimes_Texas_UnitedStates
48187,Guadalupe_Texas_UnitedStates
48189,Hale_Texas_UnitedStates
48193,Hamilton_Texas_UnitedStates
48195,Hansford_Texas_UnitedStates
48201,Harris_Texas_UnitedStates
48203,Harrison_Texas_UnitedStates
48205,Hartley_Texas_UnitedStates
48209,Hays_Texas_UnitedStates
48211,Hemphill_Texas_UnitedStates
48213,Henderson_Texas_UnitedStates
48215,Hidalgo_Texas_UnitedStates
48217,Hill_Texas_UnitedStates
48219,Hockley_Texas_UnitedStates
48221,Hood_Texas_UnitedStates
48223,Hopkins_Texas_UnitedStates
48225,Houston_Texas_UnitedStates
48227,Howard_Texas_UnitedStates
48231,Hunt_Texas_UnitedStates
48233,Hutchinson_Texas_UnitedStates
48237,Jack_Texas_UnitedStates
48239,Jackson_Texas_UnitedStates
48241,Jasper_Texas_UnitedStates
48245,Jefferson_Texas_UnitedStates
48249,JimWells_Texas_UnitedStates
48251,Johnson_Texas_UnitedStates
48253,Jones_Texas_UnitedStates
48255,Karnes_Texas_UnitedStates
48257,Kaufman_Texas_UnitedStates
48265,Kerr_Texas_UnitedStates
48267,Kimble_Texas_UnitedStates
48273,Kleberg_Texas_UnitedStates
48275,Knox_Texas_UnitedStates
48277,Lamar_Texas_UnitedStates
48279,Lamb_Texas_UnitedStates
48281,Lampasas_Texas_UnitedStates
48285,Lavaca_Texas_UnitedStates
48291,Liberty_Texas_UnitedStates
48293,Limestone_Texas_UnitedStates
48299,Llano_Texas_UnitedStates
48303,Lubbock_Texas_UnitedStates
48305,Lynn_Texas_UnitedStates
48307,McCulloch_Texas_UnitedStates
48309,McLennan_Texas_UnitedStates
48313,Madison_Texas_UnitedStates
48317,Martin_Texas_UnitedStates
48321,Matagorda_Texas_UnitedStates
48323,Maverick_Texas_UnitedStates
48325,Medina_Texas_UnitedStates
48329,Midland_Texas_UnitedStates
48335,Mitchell_Texas_UnitedStates
48337,Montague_Texas_UnitedStates
48339,Montgomery_Texas_UnitedStates
48341,Moore_Texas_UnitedStates
48347,Nacogdoches_Texas_UnitedStates
48349,Navarro_Texas_UnitedStates
48353,Nolan_Texas_UnitedStates
48355,Nueces_Texas_UnitedStates
48357,Ochiltree_Texas_UnitedStates
48363,PaloPinto_Texas_UnitedStates
48365,Panola_Texas_UnitedStates
48367,Parker_Texas_UnitedStates
48369,Parmer_Texas_UnitedStates
48371,Pecos_Texas_UnitedStates
48373,Polk_Texas_UnitedStates
48375,Potter_Texas_UnitedStates
48389,Reeves_Texas_UnitedStates
48391,Refugio_Texas_UnitedStates
48397,Rockwall_Texas_UnitedStates
48399,Runnels_Texas_UnitedStates
48401,Rusk_Texas_UnitedStates
48403,Sabine_Texas_UnitedStates
48405,SanAugustine_Texas_UnitedStates
48415,Scurry_Texas_UnitedStates
48423,Smith_Texas_UnitedStates
48427,Starr_Texas_UnitedStates
48429,Stephens_Texas_UnitedStates
48437,Swisher_Texas_UnitedStates
48439,Tarrant_Texas_UnitedStates
48441,Taylor_Texas_UnitedStates
48445,Terry_Texas_UnitedStates
48449,Titus_Texas_UnitedStates
48451,TomGreen_Texas_UnitedStates
48453,Travis_Texas_UnitedStates
48457,Tyler_Texas_UnitedStates
48463,Uvalde_Texas_UnitedStates
48465,ValVerde_Texas_UnitedStates
48469,Victoria_Texas_UnitedStates
48471,Walker_Texas_UnitedStates
48475,Ward_Texas_UnitedStates
48477,Washington_Texas_UnitedStates
48479,Webb_Texas_UnitedStates
48481,Wharton_Texas_UnitedStates
48483,Wheeler_Texas_UnitedStates
48485,Wichita_Texas_UnitedStates
48487,Wilbarger_Texas_UnitedStates
48491,Williamson_Texas_UnitedStates
48493,Wilson_Texas_UnitedStates
48495,Winkler_Texas_UnitedStates
48497,Wise_Texas_UnitedStates
48499,Wood_Texas_UnitedStates
48501,Yoakum_Texas_UnitedStates
48503,Young_Texas_UnitedStates
49003,BoxElder_Utah_UnitedStates
49005,Cache_Utah_UnitedStates
49007,Carbon_Utah_UnitedStates
49011,Davis_Utah_UnitedStates
49013,Duchesne_Utah_UnitedStates
49017,Garfield_Utah_UnitedStates
49019,Grand_Utah_UnitedStates
49021,Iron_Utah_UnitedStates
49023,Juab_Utah_UnitedStates
49025,Kane_Utah_UnitedStates
49027,Millard_Utah_UnitedStates
49035,SaltLake_Utah_UnitedStates
49037,SanJuan_Utah_UnitedStates
49039,Sanpete_Utah_UnitedStates
49041,Sevier_Utah_UnitedStates
49043,Summit_Utah_UnitedStates
49045,Tooele_Utah_UnitedStates
49047,Uintah_Utah_UnitedStates
49049,Utah_Utah_UnitedStates
49051,Wasatch_Utah_UnitedStates
49053,Washington_Utah_UnitedStates
49057,Weber_Utah_UnitedStates
50001,Addison_Vermont_UnitedStates
50003,Bennington_Vermont_UnitedStates
50005,Caledonia_Vermont_UnitedStates
50007,Chittenden_Vermont_UnitedStates
50011,Franklin_Vermont_UnitedStates
50015,Lamoille_Vermont_UnitedStates
50017,Orange_Vermont_UnitedStates
50019,Orleans_Vermont_UnitedStates
50021,Rutland_Vermont_UnitedStates
50023,Washington_Vermont_UnitedStates
50025,Windham_Vermont_UnitedStates
50027,Windsor_Vermont_UnitedStates
51001,Accomack_Virginia_UnitedStates
51003,Albemarle_Virginia_UnitedStates
51005,Alleghany_Virginia_UnitedStates
51013,Arlington_Virginia_UnitedStates
51015,Augusta_Virginia_UnitedStates
51027,Buchanan_Virginia_UnitedStates
51041,Chesterfield_Virginia_UnitedStates
51047,Culpeper_Virginia_UnitedStates
51053,Dinwiddie_Virginia_UnitedStates
51057,Essex_Virginia_UnitedStates
51061,Fauquier_Virginia_UnitedStates
51071,Giles_Virginia_UnitedStates
51073,Gloucester_Virginia_UnitedStates
51083,Halifax_Virginia_UnitedStates
51085,Hanover_Virginia_UnitedStates
51087,Henrico_Virginia_UnitedStates
51103,Lancaster_Virginia_UnitedStates
51107,Loudoun_Virginia_UnitedStates
51117,Mecklenburg_Virginia_UnitedStates
51121,Montgomery_Virginia_UnitedStates
51127,NewKent_Virginia_UnitedStates
51135,Nottoway_Virginia_UnitedStates
51139,Page_Virginia_UnitedStates
51147,PrinceEdward_Virginia_UnitedStates
51153,PrinceWilliam_Virginia_UnitedStates
51155,Pulaski_Virginia_UnitedStates
51165,Rockingham_Virginia_UnitedStates
51167,Russell_Virginia_UnitedStates
51171,Shenandoah_Virginia_UnitedStates
51173,Smyth_Virginia_UnitedStates
51177,Spotsylvania_Virginia_UnitedStates
51179,Stafford_Virginia_UnitedStates
51185,Tazewell_Virginia_UnitedStates
51187,Warren_Virginia_UnitedStates
51191,Washington_Virginia_UnitedStates
51195,Wise_Virginia_UnitedStates
51197,Wythe_Virginia_UnitedStates
51199,York_Virginia_UnitedStates
51510,Alexandria_Virginia_UnitedStates
51520,Bristol_Virginia_UnitedStates
51540,Charlottesville_Virginia_UnitedStates
51550,Chesapeake_Virginia_UnitedStates
51590,Danville_Virginia_UnitedStates
51595,Emporia_Virginia_UnitedStates
51630,Fredericksburg_Virginia_UnitedStates
51640,Galax_Virginia_UnitedStates
51650,Hampton_Virginia_UnitedStates
51670,Hopewell_Virginia_UnitedStates
51678,Lexington_Virginia_UnitedStates
51680,Lynchburg_Virginia_UnitedStates
51683,Manassas_Virginia_UnitedStates
51700,NewportNews_Virginia_UnitedStates
51710,Norfolk_Virginia_UnitedStates
51730,Petersburg_Virginia_UnitedStates
51740,Portsmouth_Virginia_UnitedStates
51775,Salem_Virginia_UnitedStates
51790,Staunton_Virginia_UnitedStates
51800,Suffolk_Virginia_UnitedStates
51810,VirginiaBeach_Virginia_UnitedStates
51830,Williamsburg_Virginia_UnitedStates
51840,Winchester_Virginia_UnitedStates
53001,Adams_Washington_UnitedStates
53003,Asotin_Washington_UnitedStates
53005,Benton_Washington_UnitedStates
53007,Chelan_Washington_UnitedStates
53009,Clallam_Washington_UnitedStates
53011,Clark_Washington_UnitedStates
53013,Columbia_Washington_UnitedStates
53015,Cowlitz_Washington_UnitedStates
53019,Ferry_Washington_UnitedStates
53021,Franklin_Washington_UnitedStates
53025,Grant_Washington_UnitedStates
53027,GraysHarbor_Washington_UnitedStates
53029,Island_Washington_UnitedStates
53031,Jefferson_Washington_UnitedStates
53033,King_Washington_UnitedStates
53035,Kitsap_Washington_UnitedStates
53037,Kittitas_Washington_UnitedStates
53039,Klickitat_Washington_UnitedStates
53041,Lewis_Washington_UnitedStates
53043,Lincoln_Washington_UnitedStates
53045,Mason_Washington_UnitedStates
53047,Okanogan_Washington_UnitedStates
53049,Pacific_Washington_UnitedStates
53051,PendOreille_Washington_UnitedStates
53053,Pierce_Washington_UnitedStates
53055,SanJuan_Washington_UnitedStates
53057,Skagit_Washington_UnitedStates
53061,Snohomish_Washington_UnitedStates
53063,Spokane_Washington_UnitedStates
53065,Stevens_Washington_UnitedStates
53067,Thurston_Washington_UnitedStates
53071,WallaWalla_Washington_UnitedStates
53073,Whatcom_Washington_UnitedStates
53075,Whitman_Washington_UnitedStates
53077,Yakima_Washington_UnitedStates
54001,Barbour_WestVirginia_UnitedStates
54003,Berkeley_WestVirginia_UnitedStates
54005,Boone_WestVirginia_UnitedStates
54007,Braxton_WestVirginia_UnitedStates
54009,Brooke_WestVirginia_UnitedStates
54011,Cabell_WestVirginia_UnitedStates
54013,Calhoun_WestVirginia_UnitedStates
54019,Fayette_WestVirginia_UnitedStates
54023,Grant_WestVirginia_UnitedStates
54025,Greenbrier_WestVirginia_UnitedStates
54027,Hampshire_WestVirginia_UnitedStates
54033,Harrison_WestVirginia_UnitedStates
54035,Jackson_WestVirginia_UnitedStates
54037,Jefferson_WestVirginia_UnitedStates
54039,Kanawha_WestVirginia_UnitedStates
54041,Lewis_WestVirginia_UnitedStates
54045,Logan_WestVirginia_UnitedStates
54047,McDowell_WestVirginia_UnitedStates
54051,Marshall_WestVirginia_UnitedStates
54053,Mason_WestVirginia_UnitedStates
54055,Mercer_WestVirginia_UnitedStates
54057,Mineral_WestVirginia_UnitedStates
54059,Mingo_WestVirginia_UnitedStates
54061,Monongalia_WestVirginia_UnitedStates
54065,Morgan_WestVirginia_UnitedStates
54067,Nicholas_WestVirginia_UnitedStates
54069,Ohio_WestVirginia_UnitedStates
54075,Pocahontas_WestVirginia_UnitedStates
54077,Preston_WestVirginia_UnitedStates
54081,Raleigh_WestVirginia_UnitedStates
54083,Randolph_WestVirginia_UnitedStates
54087,Roane_WestVirginia_UnitedStates
54089,Summers_WestVirginia_UnitedStates
54091,Taylor_WestVirginia_UnitedStates
54095,Tyler_WestVirginia_UnitedStates
54097,Upshur_WestVirginia_UnitedStates
54099,Wayne_WestVirginia_UnitedStates
54103,Wetzel_WestVirginia_UnitedStates
54107,Wood_WestVirginia_UnitedStates
55001,Adams_Wisconsin_UnitedStates
55003,Ashland_Wisconsin_UnitedStates
55005,Barron_Wisconsin_UnitedStates
55009,Brown_Wisconsin_UnitedStates
55015,Calumet_Wisconsin_UnitedStates
55017,Chippewa_Wisconsin_UnitedStates
55019,Clark_Wisconsin_UnitedStates
55021,Columbia_Wisconsin_UnitedStates
55023,Crawford_Wisconsin_UnitedStates
55025,Dane_Wisconsin_UnitedStates
55027,Dodge_Wisconsin_UnitedStates
55029,Door_Wisconsin_UnitedStates
55031,Douglas_Wisconsin_UnitedStates
55033,Dunn_Wisconsin_UnitedStates
55035,EauClaire_Wisconsin_UnitedStates
55039,FondduLac_Wisconsin_UnitedStates
55043,Grant_Wisconsin_UnitedStates
55045,Green_Wisconsin_UnitedStates
55047,GreenLake_Wisconsin_UnitedStates
55049,Iowa_Wisconsin_UnitedStates
55053,Jackson_Wisconsin_UnitedStates
55055,Jefferson_Wisconsin_UnitedStates
55057,Juneau_Wisconsin_UnitedStates
55059,Kenosha_Wisconsin_UnitedStates
55063,LaCrosse_Wisconsin_UnitedStates
55065,Lafayette_Wisconsin_UnitedStates
55069,Lincoln_Wisconsin_UnitedStates
55071,Manitowoc_Wisconsin_UnitedStates
55073,Marathon_Wisconsin_UnitedStates
55075,Marinette_Wisconsin_UnitedStates
55079,Milwaukee_Wisconsin_UnitedStates
55081,Monroe_Wisconsin_UnitedStates
55083,Oconto_Wisconsin_UnitedStates
55085,Oneida_Wisconsin_UnitedStates
55087,Outagamie_Wisconsin_UnitedStates
55089,Ozaukee_Wisconsin_UnitedStates
55091,Pepin_Wisconsin_UnitedStates
55095,Polk_Wisconsin_UnitedStates
55097,Portage_Wisconsin_UnitedStates
55099,Price_Wisconsin_UnitedStates
55101,Racine_Wisconsin_UnitedStates
55103,Richland_Wisconsin_UnitedStates
55105,Rock_Wisconsin_UnitedStates
55107,Rusk_Wisconsin_UnitedStates
55111,Sauk_Wisconsin_UnitedStates
55113,Sawyer_Wisconsin_UnitedStates
55115,Shawano_Wisconsin_UnitedStates
55117,Sheboygan_Wisconsin_UnitedStates
55121,Trempealeau_Wisconsin_UnitedStates
55123,Vernon_Wisconsin_UnitedStates
55125,Vilas_Wisconsin_UnitedStates
55127,Walworth_Wisconsin_UnitedStates
55129,Washburn_Wisconsin_UnitedStates
55131,Washington_Wisconsin_UnitedStates
55133,Waukesha_Wisconsin_UnitedStates
55135,Waupaca_Wisconsin_UnitedStates
55137,Waushara_Wisconsin_UnitedStates
55139,Winnebago_Wisconsin_UnitedStates
55141,Wood_Wisconsin_UnitedStates
56001,Albany_Wyoming_UnitedStates
56003,BigHorn_Wyoming_UnitedStates
56005,Campbell_Wyoming_UnitedStates
56007,Carbon_Wyoming_UnitedStates
56009,Converse_Wyoming_UnitedStates
56011,Crook_Wyoming_UnitedStates
56013,Fremont_Wyoming_UnitedStates
56015,Goshen_Wyoming_UnitedStates
56017,HotSprings_Wyoming_UnitedStates
56019,Johnson_Wyoming_UnitedStates
56021,Laramie_Wyoming_UnitedStates
56023,Lincoln_Wyoming_UnitedStates
56025,Natrona_Wyoming_UnitedStates
56027,Niobrara_Wyoming_UnitedStates
56029,Park_Wyoming_UnitedStates
56031,Platte_Wyoming_UnitedStates
56033,Sheridan_Wyoming_UnitedStates
56037,Sweetwater_Wyoming_UnitedStates
56039,Teton_Wyoming_UnitedStates
56041,Uinta_Wyoming_UnitedStates
56043,Washakie_Wyoming_UnitedStates